usage_id,student_id,month,hours_spent,quizzes_taken,ai_recommendations_accepted
1,1001,Jan-2025,14,3,3
2,1001,Feb-2025,21,7,5
3,1001,Mar-2025,24,2,4
4,1002,Jan-2025,18,4,6
5,1002,Feb-2025,19,5,6
6,1002,Mar-2025,24,4,11
7,1003,Jan-2025,13,2,10
8,1003,Feb-2025,21,7,2
9,1003,Mar-2025,7,4,1
10,1004,Jan-2025,14,4,3
11,1004,Feb-2025,10,7,4
12,1004,Mar-2025,22,3,3
13,1005,Jan-2025,9,3,11
14,1005,Feb-2025,16,2,8
15,1005,Mar-2025,13,4,5
16,1006,Jan-2025,12,7,9
17,1006,Feb-2025,19,7,8
18,1006,Mar-2025,22,2,4
19,1007,Jan-2025,10,4,2
20,1007,Feb-2025,11,3,3
21,1007,Mar-2025,22,3,8
22,1008,Jan-2025,10,1,1
23,1008,Feb-2025,12,5,11
24,1008,Mar-2025,9,4,6
25,1009,Jan-2025,18,6,3
26,1009,Feb-2025,13,4,11
27,1009,Mar-2025,18,7,1
28,1010,Jan-2025,17,7,5
29,1010,Feb-2025,17,2,4
30,1010,Mar-2025,10,2,11
31,1011,Jan-2025,9,1,3
32,1011,Feb-2025,5,4,9
33,1011,Mar-2025,24,2,10
34,1012,Jan-2025,9,3,9
35,1012,Feb-2025,24,6,2
36,1012,Mar-2025,10,3,9
37,1013,Jan-2025,15,2,9
38,1013,Feb-2025,6,6,3
39,1013,Mar-2025,16,4,10
40,1014,Jan-2025,20,5,8
41,1014,Feb-2025,5,5,3
42,1014,Mar-2025,24,2,9
43,1015,Jan-2025,23,7,2
44,1015,Feb-2025,15,1,7
45,1015,Mar-2025,20,6,1
46,1016,Jan-2025,9,4,11
47,1016,Feb-2025,19,3,3
48,1016,Mar-2025,5,4,2
49,1017,Jan-2025,6,3,8
50,1017,Feb-2025,19,7,6
51,1017,Mar-2025,13,4,1
52,1018,Jan-2025,12,7,7
53,1018,Feb-2025,7,4,10
54,1018,Mar-2025,19,6,5
55,1019,Jan-2025,7,1,5
56,1019,Feb-2025,18,4,4
57,1019,Mar-2025,16,1,7
58,1020,Jan-2025,13,3,2
59,1020,Feb-2025,23,1,6
60,1020,Mar-2025,6,6,6
61,1021,Jan-2025,18,4,5
62,1021,Feb-2025,12,6,3
63,1021,Mar-2025,23,6,11
64,1022,Jan-2025,24,1,9
65,1022,Feb-2025,12,6,10
66,1022,Mar-2025,10,7,6
67,1023,Jan-2025,20,1,3
68,1023,Feb-2025,18,3,3
69,1023,Mar-2025,14,3,9
70,1024,Jan-2025,24,5,7
71,1024,Feb-2025,18,7,9
72,1024,Mar-2025,23,7,4
73,1025,Jan-2025,18,6,5
74,1025,Feb-2025,8,1,9
75,1025,Mar-2025,5,4,9
76,1026,Jan-2025,18,3,5
77,1026,Feb-2025,7,1,11
78,1026,Mar-2025,18,6,9
79,1027,Jan-2025,8,3,4
80,1027,Feb-2025,12,2,9
81,1027,Mar-2025,18,6,9
82,1028,Jan-2025,20,5,1
83,1028,Feb-2025,20,6,3
84,1028,Mar-2025,15,6,2
85,1029,Jan-2025,9,4,5
86,1029,Feb-2025,7,4,1
87,1029,Mar-2025,13,5,9
88,1030,Jan-2025,8,3,1
89,1030,Feb-2025,6,1,8
90,1030,Mar-2025,17,7,8
91,1031,Jan-2025,16,6,9
92,1031,Feb-2025,23,2,4
93,1031,Mar-2025,12,5,3
94,1032,Jan-2025,10,4,9
95,1032,Feb-2025,23,4,7
96,1032,Mar-2025,11,4,4
97,1033,Jan-2025,16,5,3
98,1033,Feb-2025,16,2,8
99,1033,Mar-2025,6,3,7
100,1034,Jan-2025,13,1,8
101,1034,Feb-2025,10,6,6
102,1034,Mar-2025,22,1,6
103,1035,Jan-2025,12,3,10
104,1035,Feb-2025,5,1,1
105,1035,Mar-2025,7,6,3
106,1036,Jan-2025,20,5,4
107,1036,Feb-2025,21,5,6
108,1036,Mar-2025,21,6,1
109,1037,Jan-2025,12,3,4
110,1037,Feb-2025,5,2,7
111,1037,Mar-2025,21,6,10
112,1038,Jan-2025,15,6,9
113,1038,Feb-2025,13,5,1
114,1038,Mar-2025,13,1,8
115,1039,Jan-2025,23,3,7
116,1039,Feb-2025,13,7,11
117,1039,Mar-2025,18,3,11
118,1040,Jan-2025,17,7,1
119,1040,Feb-2025,12,4,3
120,1040,Mar-2025,16,5,5
121,1041,Jan-2025,17,4,1
122,1041,Feb-2025,17,2,7
123,1041,Mar-2025,9,1,11
124,1042,Jan-2025,18,7,7
125,1042,Feb-2025,21,7,4
126,1042,Mar-2025,22,2,2
127,1043,Jan-2025,8,6,1
128,1043,Feb-2025,8,2,5
129,1043,Mar-2025,23,7,8
130,1044,Jan-2025,24,1,1
131,1044,Feb-2025,16,2,3
132,1044,Mar-2025,19,1,7
133,1045,Jan-2025,6,7,9
134,1045,Feb-2025,14,2,3
135,1045,Mar-2025,15,5,10
136,1046,Jan-2025,18,2,3
137,1046,Feb-2025,13,1,7
138,1046,Mar-2025,7,4,6
139,1047,Jan-2025,6,5,6
140,1047,Feb-2025,7,6,8
141,1047,Mar-2025,6,1,9
142,1048,Jan-2025,16,3,11
143,1048,Feb-2025,5,7,10
144,1048,Mar-2025,9,5,1
145,1049,Jan-2025,10,4,5
146,1049,Feb-2025,15,2,4
147,1049,Mar-2025,7,5,7
148,1050,Jan-2025,13,5,6
149,1050,Feb-2025,16,2,3
150,1050,Mar-2025,7,4,9
151,1051,Jan-2025,12,3,10
152,1051,Feb-2025,8,4,1
153,1051,Mar-2025,11,2,8
154,1052,Jan-2025,9,7,4
155,1052,Feb-2025,9,1,1
156,1052,Mar-2025,19,4,3
157,1053,Jan-2025,14,4,2
158,1053,Feb-2025,7,3,11
159,1053,Mar-2025,15,1,1
160,1054,Jan-2025,10,5,8
161,1054,Feb-2025,6,4,8
162,1054,Mar-2025,16,6,1
163,1055,Jan-2025,8,1,2
164,1055,Feb-2025,9,6,8
165,1055,Mar-2025,7,3,4
166,1056,Jan-2025,18,6,11
167,1056,Feb-2025,14,3,2
168,1056,Mar-2025,10,3,5
169,1057,Jan-2025,14,5,10
170,1057,Feb-2025,9,2,5
171,1057,Mar-2025,7,7,6
172,1058,Jan-2025,8,2,9
173,1058,Feb-2025,21,5,11
174,1058,Mar-2025,19,6,4
175,1059,Jan-2025,21,5,6
176,1059,Feb-2025,8,5,5
177,1059,Mar-2025,13,1,2
178,1060,Jan-2025,17,6,5
179,1060,Feb-2025,23,3,10
180,1060,Mar-2025,6,5,3
181,1061,Jan-2025,21,5,5
182,1061,Feb-2025,16,3,7
183,1061,Mar-2025,8,3,1
184,1062,Jan-2025,7,5,2
185,1062,Feb-2025,15,4,3
186,1062,Mar-2025,21,3,2
187,1063,Jan-2025,12,6,9
188,1063,Feb-2025,23,5,7
189,1063,Mar-2025,12,4,5
190,1064,Jan-2025,21,5,4
191,1064,Feb-2025,23,7,11
192,1064,Mar-2025,6,3,6
193,1065,Jan-2025,17,7,6
194,1065,Feb-2025,15,7,5
195,1065,Mar-2025,21,4,9
196,1066,Jan-2025,18,2,6
197,1066,Feb-2025,21,3,3
198,1066,Mar-2025,20,4,4
199,1067,Jan-2025,10,7,7
200,1067,Feb-2025,8,6,11
201,1067,Mar-2025,5,6,8
202,1068,Jan-2025,19,3,11
203,1068,Feb-2025,23,2,1
204,1068,Mar-2025,23,5,11
205,1069,Jan-2025,22,4,3
206,1069,Feb-2025,19,7,4
207,1069,Mar-2025,11,5,3
208,1070,Jan-2025,20,7,9
209,1070,Feb-2025,12,4,1
210,1070,Mar-2025,21,1,1
211,1071,Jan-2025,12,3,6
212,1071,Feb-2025,7,3,5
213,1071,Mar-2025,17,7,7
214,1072,Jan-2025,20,2,6
215,1072,Feb-2025,15,3,6
216,1072,Mar-2025,14,2,5
217,1073,Jan-2025,20,4,2
218,1073,Feb-2025,13,3,8
219,1073,Mar-2025,19,3,3
220,1074,Jan-2025,22,2,1
221,1074,Feb-2025,12,7,7
222,1074,Mar-2025,7,1,4
223,1075,Jan-2025,9,1,5
224,1075,Feb-2025,17,5,9
225,1075,Mar-2025,5,4,3
226,1076,Jan-2025,6,7,8
227,1076,Feb-2025,13,2,4
228,1076,Mar-2025,10,3,3
229,1077,Jan-2025,12,3,2
230,1077,Feb-2025,17,5,3
231,1077,Mar-2025,10,2,8
232,1078,Jan-2025,21,7,2
233,1078,Feb-2025,14,4,6
234,1078,Mar-2025,6,2,10
235,1079,Jan-2025,17,7,2
236,1079,Feb-2025,11,3,8
237,1079,Mar-2025,18,6,7
238,1080,Jan-2025,11,5,7
239,1080,Feb-2025,5,1,9
240,1080,Mar-2025,17,5,3
241,1081,Jan-2025,23,1,9
242,1081,Feb-2025,21,7,7
243,1081,Mar-2025,14,2,4
244,1082,Jan-2025,12,6,4
245,1082,Feb-2025,24,2,2
246,1082,Mar-2025,18,4,5
247,1083,Jan-2025,19,6,4
248,1083,Feb-2025,17,3,7
249,1083,Mar-2025,12,2,7
250,1084,Jan-2025,18,2,2
251,1084,Feb-2025,6,7,11
252,1084,Mar-2025,13,4,1
253,1085,Jan-2025,19,1,1
254,1085,Feb-2025,22,6,6
255,1085,Mar-2025,21,7,8
256,1086,Jan-2025,22,1,6
257,1086,Feb-2025,9,4,9
258,1086,Mar-2025,15,1,1
259,1087,Jan-2025,15,3,9
260,1087,Feb-2025,6,4,4
261,1087,Mar-2025,8,2,3
262,1088,Jan-2025,17,3,1
263,1088,Feb-2025,10,4,3
264,1088,Mar-2025,9,1,10
265,1089,Jan-2025,5,4,11
266,1089,Feb-2025,14,7,7
267,1089,Mar-2025,15,5,5
268,1090,Jan-2025,5,4,11
269,1090,Feb-2025,21,4,9
270,1090,Mar-2025,13,5,4
271,1091,Jan-2025,23,3,5
272,1091,Feb-2025,14,1,5
273,1091,Mar-2025,20,7,9
274,1092,Jan-2025,7,7,2
275,1092,Feb-2025,18,3,9
276,1092,Mar-2025,11,1,2
277,1093,Jan-2025,9,5,4
278,1093,Feb-2025,6,1,9
279,1093,Mar-2025,10,3,6
280,1094,Jan-2025,5,4,7
281,1094,Feb-2025,17,5,2
282,1094,Mar-2025,13,7,4
283,1095,Jan-2025,22,3,6
284,1095,Feb-2025,16,4,5
285,1095,Mar-2025,12,6,6
286,1096,Jan-2025,5,4,5
287,1096,Feb-2025,15,3,9
288,1096,Mar-2025,21,6,6
289,1097,Jan-2025,14,5,5
290,1097,Feb-2025,14,6,5
291,1097,Mar-2025,10,2,6
292,1098,Jan-2025,21,4,10
293,1098,Feb-2025,7,1,3
294,1098,Mar-2025,19,6,1
295,1099,Jan-2025,16,6,4
296,1099,Feb-2025,15,1,4
297,1099,Mar-2025,10,1,4
298,1100,Jan-2025,20,7,1
299,1100,Feb-2025,12,4,10
300,1100,Mar-2025,16,3,6
301,1101,Jan-2025,14,3,9
302,1101,Feb-2025,6,5,6
303,1101,Mar-2025,11,5,9
304,1102,Jan-2025,5,7,10
305,1102,Feb-2025,11,4,9
306,1102,Mar-2025,16,3,5
307,1103,Jan-2025,8,5,7
308,1103,Feb-2025,8,7,3
309,1103,Mar-2025,13,3,8
310,1104,Jan-2025,5,7,9
311,1104,Feb-2025,12,5,6
312,1104,Mar-2025,8,3,9
313,1105,Jan-2025,6,2,7
314,1105,Feb-2025,16,2,4
315,1105,Mar-2025,12,1,7
316,1106,Jan-2025,9,4,2
317,1106,Feb-2025,15,7,6
318,1106,Mar-2025,13,1,11
319,1107,Jan-2025,16,7,10
320,1107,Feb-2025,14,3,3
321,1107,Mar-2025,15,5,5
322,1108,Jan-2025,12,4,11
323,1108,Feb-2025,15,1,1
324,1108,Mar-2025,19,4,6
325,1109,Jan-2025,19,7,9
326,1109,Feb-2025,18,2,10
327,1109,Mar-2025,21,2,5
328,1110,Jan-2025,24,4,9
329,1110,Feb-2025,15,6,1
330,1110,Mar-2025,22,6,11
331,1111,Jan-2025,6,7,10
332,1111,Feb-2025,18,5,6
333,1111,Mar-2025,10,6,6
334,1112,Jan-2025,22,6,10
335,1112,Feb-2025,18,5,3
336,1112,Mar-2025,10,5,8
337,1113,Jan-2025,16,5,11
338,1113,Feb-2025,16,1,1
339,1113,Mar-2025,20,3,2
340,1114,Jan-2025,15,7,6
341,1114,Feb-2025,13,4,3
342,1114,Mar-2025,20,3,10
343,1115,Jan-2025,16,3,5
344,1115,Feb-2025,22,3,7
345,1115,Mar-2025,10,6,2
346,1116,Jan-2025,10,4,3
347,1116,Feb-2025,6,1,11
348,1116,Mar-2025,15,5,2
349,1117,Jan-2025,6,7,8
350,1117,Feb-2025,17,2,8
351,1117,Mar-2025,8,7,1
352,1118,Jan-2025,15,7,1
353,1118,Feb-2025,24,2,6
354,1118,Mar-2025,16,1,5
355,1119,Jan-2025,14,4,5
356,1119,Feb-2025,14,7,11
357,1119,Mar-2025,14,4,8
358,1120,Jan-2025,6,7,8
359,1120,Feb-2025,20,3,6
360,1120,Mar-2025,9,3,9
361,1121,Jan-2025,7,4,10
362,1121,Feb-2025,8,1,6
363,1121,Mar-2025,6,3,1
364,1122,Jan-2025,11,1,3
365,1122,Feb-2025,24,4,5
366,1122,Mar-2025,7,3,1
367,1123,Jan-2025,11,3,10
368,1123,Feb-2025,18,1,2
369,1123,Mar-2025,17,4,4
370,1124,Jan-2025,22,4,1
371,1124,Feb-2025,22,1,10
372,1124,Mar-2025,17,4,4
373,1125,Jan-2025,14,3,11
374,1125,Feb-2025,13,1,5
375,1125,Mar-2025,5,1,6
376,1126,Jan-2025,6,5,9
377,1126,Feb-2025,8,5,11
378,1126,Mar-2025,23,5,3
379,1127,Jan-2025,16,2,3
380,1127,Feb-2025,23,5,7
381,1127,Mar-2025,19,7,7
382,1128,Jan-2025,12,5,5
383,1128,Feb-2025,18,4,7
384,1128,Mar-2025,14,4,2
385,1129,Jan-2025,24,5,8
386,1129,Feb-2025,13,3,7
387,1129,Mar-2025,18,4,9
388,1130,Jan-2025,8,2,3
389,1130,Feb-2025,9,1,3
390,1130,Mar-2025,19,3,8
391,1131,Jan-2025,8,2,8
392,1131,Feb-2025,14,4,3
393,1131,Mar-2025,6,1,1
394,1132,Jan-2025,24,7,5
395,1132,Feb-2025,13,1,9
396,1132,Mar-2025,10,5,9
397,1133,Jan-2025,14,7,7
398,1133,Feb-2025,10,5,4
399,1133,Mar-2025,7,3,6
400,1134,Jan-2025,19,4,6
401,1134,Feb-2025,23,7,4
402,1134,Mar-2025,19,1,5
403,1135,Jan-2025,17,7,10
404,1135,Feb-2025,22,6,5
405,1135,Mar-2025,20,3,3
406,1136,Jan-2025,18,1,11
407,1136,Feb-2025,19,6,4
408,1136,Mar-2025,11,6,5
409,1137,Jan-2025,12,1,11
410,1137,Feb-2025,14,2,11
411,1137,Mar-2025,6,7,9
412,1138,Jan-2025,21,3,10
413,1138,Feb-2025,21,4,4
414,1138,Mar-2025,19,1,11
415,1139,Jan-2025,9,6,1
416,1139,Feb-2025,5,7,9
417,1139,Mar-2025,23,4,1
418,1140,Jan-2025,13,7,8
419,1140,Feb-2025,6,7,7
420,1140,Mar-2025,10,1,7
421,1141,Jan-2025,11,5,9
422,1141,Feb-2025,21,2,11
423,1141,Mar-2025,13,5,9
424,1142,Jan-2025,17,6,6
425,1142,Feb-2025,24,4,5
426,1142,Mar-2025,7,1,1
427,1143,Jan-2025,16,7,7
428,1143,Feb-2025,5,1,3
429,1143,Mar-2025,19,4,4
430,1144,Jan-2025,22,1,3
431,1144,Feb-2025,15,4,3
432,1144,Mar-2025,12,6,10
433,1145,Jan-2025,5,6,2
434,1145,Feb-2025,8,3,3
435,1145,Mar-2025,10,1,1
436,1146,Jan-2025,21,3,5
437,1146,Feb-2025,5,5,11
438,1146,Mar-2025,20,6,8
439,1147,Jan-2025,17,6,3
440,1147,Feb-2025,23,4,11
441,1147,Mar-2025,15,2,9
442,1148,Jan-2025,24,7,4
443,1148,Feb-2025,16,7,2
444,1148,Mar-2025,23,1,5
445,1149,Jan-2025,12,7,8
446,1149,Feb-2025,7,2,7
447,1149,Mar-2025,23,3,2
448,1150,Jan-2025,24,4,1
449,1150,Feb-2025,21,4,5
450,1150,Mar-2025,15,5,11
451,1151,Jan-2025,16,1,6
452,1151,Feb-2025,5,5,9
453,1151,Mar-2025,18,5,6
454,1152,Jan-2025,5,6,2
455,1152,Feb-2025,20,1,3
456,1152,Mar-2025,9,3,2
457,1153,Jan-2025,19,7,4
458,1153,Feb-2025,5,5,4
459,1153,Mar-2025,11,7,7
460,1154,Jan-2025,18,7,3
461,1154,Feb-2025,24,5,8
462,1154,Mar-2025,22,7,10
463,1155,Jan-2025,13,1,8
464,1155,Feb-2025,14,1,2
465,1155,Mar-2025,10,2,5
466,1156,Jan-2025,13,5,2
467,1156,Feb-2025,24,1,1
468,1156,Mar-2025,21,4,7
469,1157,Jan-2025,7,2,2
470,1157,Feb-2025,7,2,8
471,1157,Mar-2025,14,6,6
472,1158,Jan-2025,15,7,7
473,1158,Feb-2025,19,6,4
474,1158,Mar-2025,13,6,4
475,1159,Jan-2025,16,3,4
476,1159,Feb-2025,7,7,2
477,1159,Mar-2025,6,6,3
478,1160,Jan-2025,10,7,11
479,1160,Feb-2025,14,1,1
480,1160,Mar-2025,20,6,9
481,1161,Jan-2025,8,3,2
482,1161,Feb-2025,8,1,3
483,1161,Mar-2025,14,5,11
484,1162,Jan-2025,23,5,11
485,1162,Feb-2025,8,2,9
486,1162,Mar-2025,17,4,1
487,1163,Jan-2025,21,5,4
488,1163,Feb-2025,11,1,9
489,1163,Mar-2025,8,3,1
490,1164,Jan-2025,14,4,9
491,1164,Feb-2025,17,6,10
492,1164,Mar-2025,10,6,1
493,1165,Jan-2025,14,2,11
494,1165,Feb-2025,22,3,4
495,1165,Mar-2025,19,7,4
496,1166,Jan-2025,13,3,10
497,1166,Feb-2025,23,4,1
498,1166,Mar-2025,15,1,9
499,1167,Jan-2025,14,2,4
500,1167,Feb-2025,17,7,1
501,1167,Mar-2025,19,4,1
502,1168,Jan-2025,18,5,11
503,1168,Feb-2025,20,2,8
504,1168,Mar-2025,15,5,2
505,1169,Jan-2025,7,6,10
506,1169,Feb-2025,5,3,2
507,1169,Mar-2025,20,7,10
508,1170,Jan-2025,22,6,3
509,1170,Feb-2025,8,3,8
510,1170,Mar-2025,18,3,10
511,1171,Jan-2025,10,1,7
512,1171,Feb-2025,18,3,10
513,1171,Mar-2025,21,1,6
514,1172,Jan-2025,15,1,7
515,1172,Feb-2025,21,4,1
516,1172,Mar-2025,9,1,2
517,1173,Jan-2025,6,5,10
518,1173,Feb-2025,15,3,6
519,1173,Mar-2025,12,4,2
520,1174,Jan-2025,15,5,2
521,1174,Feb-2025,6,7,6
522,1174,Mar-2025,15,2,9
523,1175,Jan-2025,17,4,6
524,1175,Feb-2025,11,5,11
525,1175,Mar-2025,8,4,1
526,1176,Jan-2025,7,6,6
527,1176,Feb-2025,22,1,1
528,1176,Mar-2025,10,6,5
529,1177,Jan-2025,20,5,5
530,1177,Feb-2025,21,2,5
531,1177,Mar-2025,22,7,3
532,1178,Jan-2025,17,7,4
533,1178,Feb-2025,23,3,4
534,1178,Mar-2025,9,1,4
535,1179,Jan-2025,16,4,11
536,1179,Feb-2025,14,7,9
537,1179,Mar-2025,24,1,7
538,1180,Jan-2025,18,7,5
539,1180,Feb-2025,8,6,10
540,1180,Mar-2025,21,2,10
541,1181,Jan-2025,11,1,1
542,1181,Feb-2025,13,6,3
543,1181,Mar-2025,17,3,7
544,1182,Jan-2025,13,6,5
545,1182,Feb-2025,14,7,1
546,1182,Mar-2025,16,7,3
547,1183,Jan-2025,13,5,5
548,1183,Feb-2025,17,6,4
549,1183,Mar-2025,19,7,1
550,1184,Jan-2025,12,5,2
551,1184,Feb-2025,9,6,2
552,1184,Mar-2025,5,6,1
553,1185,Jan-2025,15,2,3
554,1185,Feb-2025,18,2,10
555,1185,Mar-2025,19,4,3
556,1186,Jan-2025,8,2,9
557,1186,Feb-2025,14,4,11
558,1186,Mar-2025,18,7,7
559,1187,Jan-2025,19,6,3
560,1187,Feb-2025,19,6,8
561,1187,Mar-2025,12,3,9
562,1188,Jan-2025,19,1,1
563,1188,Feb-2025,23,3,10
564,1188,Mar-2025,12,7,10
565,1189,Jan-2025,5,5,2
566,1189,Feb-2025,6,3,6
567,1189,Mar-2025,5,2,1
568,1190,Jan-2025,11,2,1
569,1190,Feb-2025,11,5,5
570,1190,Mar-2025,21,3,7
571,1191,Jan-2025,21,7,5
572,1191,Feb-2025,5,1,1
573,1191,Mar-2025,15,1,11
574,1192,Jan-2025,7,7,5
575,1192,Feb-2025,15,2,9
576,1192,Mar-2025,13,1,9
577,1193,Jan-2025,20,1,3
578,1193,Feb-2025,16,3,6
579,1193,Mar-2025,13,7,3
580,1194,Jan-2025,23,2,9
581,1194,Feb-2025,17,7,3
582,1194,Mar-2025,15,5,9
583,1195,Jan-2025,12,2,3
584,1195,Feb-2025,20,2,8
585,1195,Mar-2025,10,4,9
586,1196,Jan-2025,12,4,4
587,1196,Feb-2025,21,5,2
588,1196,Mar-2025,6,5,6
589,1197,Jan-2025,19,4,11
590,1197,Feb-2025,14,5,3
591,1197,Mar-2025,23,3,6
592,1198,Jan-2025,18,3,7
593,1198,Feb-2025,8,3,4
594,1198,Mar-2025,15,2,11
595,1199,Jan-2025,15,2,1
596,1199,Feb-2025,13,4,2
597,1199,Mar-2025,19,1,4
598,1200,Jan-2025,12,1,10
599,1200,Feb-2025,9,5,7
600,1200,Mar-2025,24,1,3
601,1201,Jan-2025,9,3,11
602,1201,Feb-2025,11,4,9
603,1201,Mar-2025,10,5,10
604,1202,Jan-2025,21,7,3
605,1202,Feb-2025,8,2,5
606,1202,Mar-2025,14,4,10
607,1203,Jan-2025,17,3,6
608,1203,Feb-2025,20,3,9
609,1203,Mar-2025,12,5,11
610,1204,Jan-2025,6,6,10
611,1204,Feb-2025,16,3,1
612,1204,Mar-2025,6,2,3
613,1205,Jan-2025,22,6,1
614,1205,Feb-2025,10,1,3
615,1205,Mar-2025,10,3,1
616,1206,Jan-2025,17,4,5
617,1206,Feb-2025,18,5,11
618,1206,Mar-2025,8,7,6
619,1207,Jan-2025,14,7,5
620,1207,Feb-2025,19,7,4
621,1207,Mar-2025,10,4,10
622,1208,Jan-2025,9,4,1
623,1208,Feb-2025,12,1,5
624,1208,Mar-2025,10,5,5
625,1209,Jan-2025,7,7,5
626,1209,Feb-2025,18,2,6
627,1209,Mar-2025,18,3,8
628,1210,Jan-2025,12,7,7
629,1210,Feb-2025,12,5,6
630,1210,Mar-2025,22,2,8
631,1211,Jan-2025,15,1,6
632,1211,Feb-2025,10,3,4
633,1211,Mar-2025,16,3,11
634,1212,Jan-2025,14,3,11
635,1212,Feb-2025,7,7,1
636,1212,Mar-2025,7,4,11
637,1213,Jan-2025,23,6,11
638,1213,Feb-2025,20,5,3
639,1213,Mar-2025,10,7,8
640,1214,Jan-2025,22,1,4
641,1214,Feb-2025,19,3,10
642,1214,Mar-2025,7,3,5
643,1215,Jan-2025,14,3,9
644,1215,Feb-2025,8,5,3
645,1215,Mar-2025,15,2,10
646,1216,Jan-2025,15,1,4
647,1216,Feb-2025,20,3,7
648,1216,Mar-2025,15,6,2
649,1217,Jan-2025,9,7,11
650,1217,Feb-2025,9,3,5
651,1217,Mar-2025,16,2,4
652,1218,Jan-2025,21,2,4
653,1218,Feb-2025,10,1,11
654,1218,Mar-2025,15,5,2
655,1219,Jan-2025,22,7,11
656,1219,Feb-2025,16,5,7
657,1219,Mar-2025,13,3,9
658,1220,Jan-2025,13,6,10
659,1220,Feb-2025,23,1,7
660,1220,Mar-2025,8,1,8
661,1221,Jan-2025,16,6,6
662,1221,Feb-2025,22,7,1
663,1221,Mar-2025,18,6,2
664,1222,Jan-2025,24,2,1
665,1222,Feb-2025,15,7,8
666,1222,Mar-2025,24,6,6
667,1223,Jan-2025,7,4,8
668,1223,Feb-2025,17,5,2
669,1223,Mar-2025,9,1,6
670,1224,Jan-2025,6,4,6
671,1224,Feb-2025,15,4,8
672,1224,Mar-2025,15,6,4
673,1225,Jan-2025,12,5,8
674,1225,Feb-2025,21,4,4
675,1225,Mar-2025,20,6,11
676,1226,Jan-2025,11,5,11
677,1226,Feb-2025,19,3,5
678,1226,Mar-2025,13,3,3
679,1227,Jan-2025,24,5,10
680,1227,Feb-2025,21,7,7
681,1227,Mar-2025,12,7,5
682,1228,Jan-2025,18,4,7
683,1228,Feb-2025,16,1,1
684,1228,Mar-2025,14,6,3
685,1229,Jan-2025,18,3,2
686,1229,Feb-2025,22,7,10
687,1229,Mar-2025,6,3,4
688,1230,Jan-2025,22,6,8
689,1230,Feb-2025,14,4,5
690,1230,Mar-2025,24,3,5
691,1231,Jan-2025,12,4,8
692,1231,Feb-2025,12,3,8
693,1231,Mar-2025,14,7,1
694,1232,Jan-2025,8,5,4
695,1232,Feb-2025,9,2,6
696,1232,Mar-2025,8,7,2
697,1233,Jan-2025,10,7,8
698,1233,Feb-2025,6,7,7
699,1233,Mar-2025,15,4,5
700,1234,Jan-2025,10,2,8
701,1234,Feb-2025,18,3,7
702,1234,Mar-2025,21,1,7
703,1235,Jan-2025,14,1,7
704,1235,Feb-2025,14,5,8
705,1235,Mar-2025,6,1,6
706,1236,Jan-2025,17,1,2
707,1236,Feb-2025,23,4,8
708,1236,Mar-2025,21,7,10
709,1237,Jan-2025,19,7,7
710,1237,Feb-2025,11,5,1
711,1237,Mar-2025,13,4,10
712,1238,Jan-2025,22,5,9
713,1238,Feb-2025,16,4,6
714,1238,Mar-2025,23,4,7
715,1239,Jan-2025,7,2,7
716,1239,Feb-2025,11,4,11
717,1239,Mar-2025,12,5,1
718,1240,Jan-2025,21,5,6
719,1240,Feb-2025,23,5,9
720,1240,Mar-2025,18,7,6
721,1241,Jan-2025,8,4,7
722,1241,Feb-2025,12,1,11
723,1241,Mar-2025,10,7,6
724,1242,Jan-2025,7,4,3
725,1242,Feb-2025,17,6,2
726,1242,Mar-2025,20,6,6
727,1243,Jan-2025,12,7,8
728,1243,Feb-2025,10,6,3
729,1243,Mar-2025,14,3,11
730,1244,Jan-2025,16,1,11
731,1244,Feb-2025,9,6,4
732,1244,Mar-2025,13,7,5
733,1245,Jan-2025,24,7,6
734,1245,Feb-2025,8,5,10
735,1245,Mar-2025,22,1,4
736,1246,Jan-2025,24,5,1
737,1246,Feb-2025,8,1,1
738,1246,Mar-2025,19,5,1
739,1247,Jan-2025,12,2,11
740,1247,Feb-2025,17,7,8
741,1247,Mar-2025,12,3,10
742,1248,Jan-2025,19,3,7
743,1248,Feb-2025,9,1,9
744,1248,Mar-2025,20,7,2
745,1249,Jan-2025,22,7,1
746,1249,Feb-2025,11,5,2
747,1249,Mar-2025,18,6,2
748,1250,Jan-2025,17,3,5
749,1250,Feb-2025,20,7,1
750,1250,Mar-2025,12,3,4
751,1251,Jan-2025,19,1,4
752,1251,Feb-2025,14,4,5
753,1251,Mar-2025,24,6,1
754,1252,Jan-2025,24,1,6
755,1252,Feb-2025,19,1,3
756,1252,Mar-2025,15,2,9
757,1253,Jan-2025,19,4,1
758,1253,Feb-2025,17,6,9
759,1253,Mar-2025,12,3,1
760,1254,Jan-2025,15,2,3
761,1254,Feb-2025,15,7,11
762,1254,Mar-2025,21,1,10
763,1255,Jan-2025,12,7,8
764,1255,Feb-2025,10,6,2
765,1255,Mar-2025,10,5,3
766,1256,Jan-2025,12,1,1
767,1256,Feb-2025,7,3,11
768,1256,Mar-2025,21,5,3
769,1257,Jan-2025,6,7,8
770,1257,Feb-2025,23,7,11
771,1257,Mar-2025,21,6,3
772,1258,Jan-2025,10,4,2
773,1258,Feb-2025,10,7,5
774,1258,Mar-2025,23,4,4
775,1259,Jan-2025,21,3,4
776,1259,Feb-2025,17,4,10
777,1259,Mar-2025,21,1,4
778,1260,Jan-2025,18,3,10
779,1260,Feb-2025,7,6,8
780,1260,Mar-2025,5,2,2
781,1261,Jan-2025,20,1,8
782,1261,Feb-2025,20,2,4
783,1261,Mar-2025,10,4,11
784,1262,Jan-2025,13,7,8
785,1262,Feb-2025,16,7,8
786,1262,Mar-2025,18,5,9
787,1263,Jan-2025,6,3,10
788,1263,Feb-2025,14,1,10
789,1263,Mar-2025,24,2,3
790,1264,Jan-2025,7,5,3
791,1264,Feb-2025,20,1,3
792,1264,Mar-2025,16,1,5
793,1265,Jan-2025,16,2,2
794,1265,Feb-2025,22,4,7
795,1265,Mar-2025,8,7,7
796,1266,Jan-2025,20,1,6
797,1266,Feb-2025,6,6,3
798,1266,Mar-2025,24,1,4
799,1267,Jan-2025,5,4,6
800,1267,Feb-2025,19,2,10
801,1267,Mar-2025,18,4,9
802,1268,Jan-2025,9,6,1
803,1268,Feb-2025,15,4,7
804,1268,Mar-2025,8,3,2
805,1269,Jan-2025,7,6,8
806,1269,Feb-2025,7,2,10
807,1269,Mar-2025,24,1,8
808,1270,Jan-2025,15,5,5
809,1270,Feb-2025,17,5,7
810,1270,Mar-2025,9,3,6
811,1271,Jan-2025,9,1,11
812,1271,Feb-2025,20,2,1
813,1271,Mar-2025,12,4,3
814,1272,Jan-2025,15,4,7
815,1272,Feb-2025,17,3,8
816,1272,Mar-2025,13,7,10
817,1273,Jan-2025,19,2,7
818,1273,Feb-2025,24,1,1
819,1273,Mar-2025,12,5,1
820,1274,Jan-2025,5,1,10
821,1274,Feb-2025,14,5,1
822,1274,Mar-2025,10,3,8
823,1275,Jan-2025,19,1,1
824,1275,Feb-2025,17,1,6
825,1275,Mar-2025,21,6,6
826,1276,Jan-2025,7,6,8
827,1276,Feb-2025,19,6,11
828,1276,Mar-2025,17,1,5
829,1277,Jan-2025,7,4,6
830,1277,Feb-2025,9,6,10
831,1277,Mar-2025,21,7,9
832,1278,Jan-2025,6,2,5
833,1278,Feb-2025,24,6,6
834,1278,Mar-2025,22,2,4
835,1279,Jan-2025,21,1,7
836,1279,Feb-2025,16,7,3
837,1279,Mar-2025,15,7,3
838,1280,Jan-2025,21,3,3
839,1280,Feb-2025,24,4,3
840,1280,Mar-2025,20,4,8
841,1281,Jan-2025,21,7,11
842,1281,Feb-2025,22,1,3
843,1281,Mar-2025,8,5,6
844,1282,Jan-2025,18,5,4
845,1282,Feb-2025,12,3,4
846,1282,Mar-2025,17,2,2
847,1283,Jan-2025,7,6,8
848,1283,Feb-2025,19,3,9
849,1283,Mar-2025,11,5,2
850,1284,Jan-2025,12,7,8
851,1284,Feb-2025,16,3,7
852,1284,Mar-2025,14,5,9
853,1285,Jan-2025,20,3,10
854,1285,Feb-2025,10,2,2
855,1285,Mar-2025,9,5,7
856,1286,Jan-2025,6,3,7
857,1286,Feb-2025,9,6,6
858,1286,Mar-2025,18,4,4
859,1287,Jan-2025,10,2,2
860,1287,Feb-2025,19,2,9
861,1287,Mar-2025,9,2,4
862,1288,Jan-2025,10,3,3
863,1288,Feb-2025,14,3,11
864,1288,Mar-2025,21,4,4
865,1289,Jan-2025,21,1,3
866,1289,Feb-2025,9,6,8
867,1289,Mar-2025,10,3,6
868,1290,Jan-2025,5,4,6
869,1290,Feb-2025,20,7,11
870,1290,Mar-2025,17,3,10
871,1291,Jan-2025,7,1,7
872,1291,Feb-2025,18,1,2
873,1291,Mar-2025,21,3,9
874,1292,Jan-2025,13,7,10
875,1292,Feb-2025,23,5,5
876,1292,Mar-2025,19,4,7
877,1293,Jan-2025,6,5,8
878,1293,Feb-2025,20,7,9
879,1293,Mar-2025,14,6,10
880,1294,Jan-2025,18,2,7
881,1294,Feb-2025,13,1,3
882,1294,Mar-2025,24,2,10
883,1295,Jan-2025,7,3,11
884,1295,Feb-2025,17,7,7
885,1295,Mar-2025,21,6,2
886,1296,Jan-2025,16,1,10
887,1296,Feb-2025,22,6,11
888,1296,Mar-2025,15,1,3
889,1297,Jan-2025,22,3,5
890,1297,Feb-2025,20,6,9
891,1297,Mar-2025,16,3,10
892,1298,Jan-2025,16,4,4
893,1298,Feb-2025,11,6,2
894,1298,Mar-2025,19,7,8
895,1299,Jan-2025,11,7,7
896,1299,Feb-2025,18,7,8
897,1299,Mar-2025,16,5,11
898,1300,Jan-2025,21,7,1
899,1300,Feb-2025,8,5,8
900,1300,Mar-2025,9,2,4
901,1301,Jan-2025,19,4,5
902,1301,Feb-2025,20,6,10
903,1301,Mar-2025,11,5,4
904,1302,Jan-2025,9,5,3
905,1302,Feb-2025,19,4,4
906,1302,Mar-2025,23,5,10
907,1303,Jan-2025,9,3,7
908,1303,Feb-2025,24,5,4
909,1303,Mar-2025,10,7,4
910,1304,Jan-2025,6,6,2
911,1304,Feb-2025,9,6,4
912,1304,Mar-2025,17,3,7
913,1305,Jan-2025,6,5,11
914,1305,Feb-2025,8,6,4
915,1305,Mar-2025,24,7,4
916,1306,Jan-2025,13,7,3
917,1306,Feb-2025,23,6,6
918,1306,Mar-2025,24,7,9
919,1307,Jan-2025,24,1,4
920,1307,Feb-2025,22,2,5
921,1307,Mar-2025,24,7,11
922,1308,Jan-2025,9,6,10
923,1308,Feb-2025,8,5,2
924,1308,Mar-2025,17,2,9
925,1309,Jan-2025,14,7,7
926,1309,Feb-2025,8,3,10
927,1309,Mar-2025,7,1,5
928,1310,Jan-2025,23,7,5
929,1310,Feb-2025,6,3,4
930,1310,Mar-2025,14,2,2
931,1311,Jan-2025,21,6,7
932,1311,Feb-2025,15,1,11
933,1311,Mar-2025,8,7,10
934,1312,Jan-2025,19,2,1
935,1312,Feb-2025,5,3,1
936,1312,Mar-2025,19,4,5
937,1313,Jan-2025,14,7,2
938,1313,Feb-2025,14,4,3
939,1313,Mar-2025,15,2,11
940,1314,Jan-2025,15,5,3
941,1314,Feb-2025,16,3,10
942,1314,Mar-2025,21,6,2
943,1315,Jan-2025,21,2,6
944,1315,Feb-2025,24,6,9
945,1315,Mar-2025,14,4,10
946,1316,Jan-2025,12,1,8
947,1316,Feb-2025,13,6,10
948,1316,Mar-2025,19,5,6
949,1317,Jan-2025,20,5,6
950,1317,Feb-2025,24,2,11
951,1317,Mar-2025,13,2,10
952,1318,Jan-2025,6,4,8
953,1318,Feb-2025,13,4,10
954,1318,Mar-2025,13,2,9
955,1319,Jan-2025,6,4,7
956,1319,Feb-2025,6,1,3
957,1319,Mar-2025,8,6,11
958,1320,Jan-2025,6,7,9
959,1320,Feb-2025,18,2,5
960,1320,Mar-2025,24,5,7
961,1321,Jan-2025,14,6,5
962,1321,Feb-2025,22,6,2
963,1321,Mar-2025,16,6,8
964,1322,Jan-2025,10,4,4
965,1322,Feb-2025,18,7,4
966,1322,Mar-2025,5,5,4
967,1323,Jan-2025,24,2,6
968,1323,Feb-2025,7,7,11
969,1323,Mar-2025,20,3,5
970,1324,Jan-2025,8,5,8
971,1324,Feb-2025,23,6,7
972,1324,Mar-2025,18,6,1
973,1325,Jan-2025,17,7,7
974,1325,Feb-2025,18,7,1
975,1325,Mar-2025,13,6,2
976,1326,Jan-2025,9,5,11
977,1326,Feb-2025,24,7,8
978,1326,Mar-2025,18,7,11
979,1327,Jan-2025,5,5,3
980,1327,Feb-2025,21,4,3
981,1327,Mar-2025,18,6,7
982,1328,Jan-2025,12,5,11
983,1328,Feb-2025,24,3,5
984,1328,Mar-2025,13,5,6
985,1329,Jan-2025,6,5,5
986,1329,Feb-2025,12,7,1
987,1329,Mar-2025,24,4,7
988,1330,Jan-2025,15,7,6
989,1330,Feb-2025,15,5,6
990,1330,Mar-2025,20,3,4
991,1331,Jan-2025,18,3,1
992,1331,Feb-2025,19,1,1
993,1331,Mar-2025,6,5,4
994,1332,Jan-2025,10,5,3
995,1332,Feb-2025,5,3,3
996,1332,Mar-2025,9,3,4
997,1333,Jan-2025,17,4,9
998,1333,Feb-2025,11,4,3
999,1333,Mar-2025,23,6,11
1000,1334,Jan-2025,17,3,9
1001,1334,Feb-2025,24,7,5
1002,1334,Mar-2025,17,6,11
1003,1335,Jan-2025,23,4,8
1004,1335,Feb-2025,14,2,3
1005,1335,Mar-2025,15,5,9
1006,1336,Jan-2025,24,3,7
1007,1336,Feb-2025,23,4,7
1008,1336,Mar-2025,18,3,10
1009,1337,Jan-2025,14,3,11
1010,1337,Feb-2025,10,2,11
1011,1337,Mar-2025,23,6,4
1012,1338,Jan-2025,10,1,10
1013,1338,Feb-2025,5,3,8
1014,1338,Mar-2025,12,3,4
1015,1339,Jan-2025,19,7,11
1016,1339,Feb-2025,11,5,4
1017,1339,Mar-2025,16,2,6
1018,1340,Jan-2025,18,4,11
1019,1340,Feb-2025,23,5,5
1020,1340,Mar-2025,18,5,8
1021,1341,Jan-2025,20,1,9
1022,1341,Feb-2025,24,6,4
1023,1341,Mar-2025,15,1,7
1024,1342,Jan-2025,18,2,11
1025,1342,Feb-2025,13,7,7
1026,1342,Mar-2025,22,4,11
1027,1343,Jan-2025,19,1,10
1028,1343,Feb-2025,23,1,4
1029,1343,Mar-2025,18,6,3
1030,1344,Jan-2025,21,3,4
1031,1344,Feb-2025,17,7,8
1032,1344,Mar-2025,23,6,10
1033,1345,Jan-2025,19,5,6
1034,1345,Feb-2025,24,2,6
1035,1345,Mar-2025,14,7,6
1036,1346,Jan-2025,21,2,1
1037,1346,Feb-2025,13,2,10
1038,1346,Mar-2025,11,5,2
1039,1347,Jan-2025,10,3,4
1040,1347,Feb-2025,5,1,5
1041,1347,Mar-2025,6,4,1
1042,1348,Jan-2025,8,3,6
1043,1348,Feb-2025,8,1,7
1044,1348,Mar-2025,22,1,3
1045,1349,Jan-2025,12,5,8
1046,1349,Feb-2025,23,4,2
1047,1349,Mar-2025,24,3,11
1048,1350,Jan-2025,18,1,2
1049,1350,Feb-2025,20,3,11
1050,1350,Mar-2025,8,5,1
1051,1351,Jan-2025,11,6,10
1052,1351,Feb-2025,20,7,9
1053,1351,Mar-2025,8,6,6
1054,1352,Jan-2025,15,2,4
1055,1352,Feb-2025,22,2,5
1056,1352,Mar-2025,11,5,1
1057,1353,Jan-2025,17,6,6
1058,1353,Feb-2025,16,6,3
1059,1353,Mar-2025,9,2,5
1060,1354,Jan-2025,14,1,10
1061,1354,Feb-2025,9,4,6
1062,1354,Mar-2025,11,1,6
1063,1355,Jan-2025,16,7,1
1064,1355,Feb-2025,15,6,5
1065,1355,Mar-2025,19,2,4
1066,1356,Jan-2025,11,5,6
1067,1356,Feb-2025,22,3,7
1068,1356,Mar-2025,15,2,6
1069,1357,Jan-2025,9,2,1
1070,1357,Feb-2025,16,3,10
1071,1357,Mar-2025,15,4,11
1072,1358,Jan-2025,22,4,1
1073,1358,Feb-2025,6,5,8
1074,1358,Mar-2025,6,4,6
1075,1359,Jan-2025,14,1,7
1076,1359,Feb-2025,20,7,7
1077,1359,Mar-2025,23,7,1
1078,1360,Jan-2025,13,2,6
1079,1360,Feb-2025,9,7,5
1080,1360,Mar-2025,14,5,11
1081,1361,Jan-2025,14,3,7
1082,1361,Feb-2025,19,7,11
1083,1361,Mar-2025,19,3,3
1084,1362,Jan-2025,14,4,3
1085,1362,Feb-2025,10,4,6
1086,1362,Mar-2025,17,5,3
1087,1363,Jan-2025,7,7,10
1088,1363,Feb-2025,24,7,4
1089,1363,Mar-2025,23,5,3
1090,1364,Jan-2025,17,7,3
1091,1364,Feb-2025,20,1,5
1092,1364,Mar-2025,11,7,7
1093,1365,Jan-2025,10,2,9
1094,1365,Feb-2025,21,5,1
1095,1365,Mar-2025,14,3,8
1096,1366,Jan-2025,21,1,2
1097,1366,Feb-2025,16,1,1
1098,1366,Mar-2025,18,6,9
1099,1367,Jan-2025,8,1,7
1100,1367,Feb-2025,15,6,5
1101,1367,Mar-2025,15,1,2
1102,1368,Jan-2025,17,3,2
1103,1368,Feb-2025,23,3,9
1104,1368,Mar-2025,12,4,1
1105,1369,Jan-2025,8,6,9
1106,1369,Feb-2025,6,3,10
1107,1369,Mar-2025,12,6,8
1108,1370,Jan-2025,20,7,5
1109,1370,Feb-2025,24,6,2
1110,1370,Mar-2025,19,2,2
1111,1371,Jan-2025,14,7,2
1112,1371,Feb-2025,19,7,2
1113,1371,Mar-2025,19,1,7
1114,1372,Jan-2025,15,3,3
1115,1372,Feb-2025,11,5,10
1116,1372,Mar-2025,18,6,6
1117,1373,Jan-2025,17,4,8
1118,1373,Feb-2025,13,1,3
1119,1373,Mar-2025,15,7,6
1120,1374,Jan-2025,23,2,7
1121,1374,Feb-2025,5,3,11
1122,1374,Mar-2025,24,5,1
1123,1375,Jan-2025,9,2,3
1124,1375,Feb-2025,6,7,3
1125,1375,Mar-2025,12,6,7
1126,1376,Jan-2025,20,4,3
1127,1376,Feb-2025,17,6,8
1128,1376,Mar-2025,16,7,7
1129,1377,Jan-2025,12,5,9
1130,1377,Feb-2025,13,1,6
1131,1377,Mar-2025,23,7,11
1132,1378,Jan-2025,15,7,11
1133,1378,Feb-2025,22,7,1
1134,1378,Mar-2025,11,7,11
1135,1379,Jan-2025,17,4,2
1136,1379,Feb-2025,23,7,8
1137,1379,Mar-2025,23,2,7
1138,1380,Jan-2025,22,4,11
1139,1380,Feb-2025,10,3,9
1140,1380,Mar-2025,17,1,5
1141,1381,Jan-2025,12,5,1
1142,1381,Feb-2025,24,5,6
1143,1381,Mar-2025,21,4,9
1144,1382,Jan-2025,6,1,10
1145,1382,Feb-2025,22,1,6
1146,1382,Mar-2025,15,1,6
1147,1383,Jan-2025,10,5,11
1148,1383,Feb-2025,18,2,8
1149,1383,Mar-2025,7,7,5
1150,1384,Jan-2025,7,1,8
1151,1384,Feb-2025,23,2,1
1152,1384,Mar-2025,24,5,8
1153,1385,Jan-2025,17,3,1
1154,1385,Feb-2025,8,1,1
1155,1385,Mar-2025,15,2,9
1156,1386,Jan-2025,20,2,3
1157,1386,Feb-2025,23,1,6
1158,1386,Mar-2025,23,1,1
1159,1387,Jan-2025,14,3,1
1160,1387,Feb-2025,6,4,8
1161,1387,Mar-2025,22,2,9
1162,1388,Jan-2025,17,6,5
1163,1388,Feb-2025,10,1,11
1164,1388,Mar-2025,11,7,10
1165,1389,Jan-2025,14,6,9
1166,1389,Feb-2025,24,2,8
1167,1389,Mar-2025,24,5,9
1168,1390,Jan-2025,19,4,8
1169,1390,Feb-2025,13,5,9
1170,1390,Mar-2025,8,1,3
1171,1391,Jan-2025,24,5,7
1172,1391,Feb-2025,9,4,2
1173,1391,Mar-2025,19,2,4
1174,1392,Jan-2025,14,5,10
1175,1392,Feb-2025,13,3,9
1176,1392,Mar-2025,15,3,5
1177,1393,Jan-2025,14,5,4
1178,1393,Feb-2025,17,4,5
1179,1393,Mar-2025,14,4,8
1180,1394,Jan-2025,13,4,7
1181,1394,Feb-2025,6,6,8
1182,1394,Mar-2025,11,7,5
1183,1395,Jan-2025,18,2,3
1184,1395,Feb-2025,9,7,9
1185,1395,Mar-2025,22,4,7
1186,1396,Jan-2025,21,5,2
1187,1396,Feb-2025,17,2,7
1188,1396,Mar-2025,14,7,6
1189,1397,Jan-2025,7,2,3
1190,1397,Feb-2025,22,3,6
1191,1397,Mar-2025,24,5,3
1192,1398,Jan-2025,23,6,8
1193,1398,Feb-2025,13,4,9
1194,1398,Mar-2025,16,7,3
1195,1399,Jan-2025,18,1,3
1196,1399,Feb-2025,10,4,7
1197,1399,Mar-2025,23,1,9
1198,1400,Jan-2025,20,7,6
1199,1400,Feb-2025,12,3,8
1200,1400,Mar-2025,22,4,4
1201,1401,Jan-2025,23,2,1
1202,1401,Feb-2025,17,5,7
1203,1401,Mar-2025,14,2,4
1204,1402,Jan-2025,10,2,7
1205,1402,Feb-2025,10,5,9
1206,1402,Mar-2025,21,6,8
1207,1403,Jan-2025,15,2,3
1208,1403,Feb-2025,6,4,3
1209,1403,Mar-2025,15,6,3
1210,1404,Jan-2025,20,5,6
1211,1404,Feb-2025,11,6,11
1212,1404,Mar-2025,12,3,4
1213,1405,Jan-2025,20,6,11
1214,1405,Feb-2025,11,1,1
1215,1405,Mar-2025,12,6,4
1216,1406,Jan-2025,7,3,3
1217,1406,Feb-2025,17,7,11
1218,1406,Mar-2025,5,3,6
1219,1407,Jan-2025,11,4,7
1220,1407,Feb-2025,13,3,11
1221,1407,Mar-2025,14,5,1
1222,1408,Jan-2025,22,7,4
1223,1408,Feb-2025,9,1,11
1224,1408,Mar-2025,21,3,5
1225,1409,Jan-2025,20,3,4
1226,1409,Feb-2025,19,6,3
1227,1409,Mar-2025,24,6,1
1228,1410,Jan-2025,24,7,2
1229,1410,Feb-2025,22,6,2
1230,1410,Mar-2025,19,7,6
1231,1411,Jan-2025,19,2,4
1232,1411,Feb-2025,12,7,3
1233,1411,Mar-2025,19,5,9
1234,1412,Jan-2025,6,5,4
1235,1412,Feb-2025,21,5,1
1236,1412,Mar-2025,6,6,9
1237,1413,Jan-2025,6,2,6
1238,1413,Feb-2025,11,5,7
1239,1413,Mar-2025,10,6,8
1240,1414,Jan-2025,6,1,5
1241,1414,Feb-2025,18,1,8
1242,1414,Mar-2025,24,5,5
1243,1415,Jan-2025,7,5,2
1244,1415,Feb-2025,21,3,1
1245,1415,Mar-2025,20,2,7
1246,1416,Jan-2025,6,4,5
1247,1416,Feb-2025,11,2,6
1248,1416,Mar-2025,21,7,9
1249,1417,Jan-2025,9,5,4
1250,1417,Feb-2025,20,3,9
1251,1417,Mar-2025,9,1,5
1252,1418,Jan-2025,14,1,2
1253,1418,Feb-2025,13,3,4
1254,1418,Mar-2025,6,7,6
1255,1419,Jan-2025,18,1,2
1256,1419,Feb-2025,11,1,1
1257,1419,Mar-2025,5,4,4
1258,1420,Jan-2025,22,3,11
1259,1420,Feb-2025,5,4,10
1260,1420,Mar-2025,13,7,4
1261,1421,Jan-2025,10,6,2
1262,1421,Feb-2025,22,2,8
1263,1421,Mar-2025,21,5,8
1264,1422,Jan-2025,22,6,1
1265,1422,Feb-2025,9,3,7
1266,1422,Mar-2025,14,1,2
1267,1423,Jan-2025,23,6,10
1268,1423,Feb-2025,6,2,4
1269,1423,Mar-2025,7,7,8
1270,1424,Jan-2025,22,2,7
1271,1424,Feb-2025,12,6,6
1272,1424,Mar-2025,5,4,1
1273,1425,Jan-2025,24,2,11
1274,1425,Feb-2025,18,1,11
1275,1425,Mar-2025,19,4,10
1276,1426,Jan-2025,23,3,6
1277,1426,Feb-2025,24,3,6
1278,1426,Mar-2025,12,1,6
1279,1427,Jan-2025,21,1,8
1280,1427,Feb-2025,19,7,3
1281,1427,Mar-2025,7,6,6
1282,1428,Jan-2025,15,4,3
1283,1428,Feb-2025,13,2,2
1284,1428,Mar-2025,5,7,2
1285,1429,Jan-2025,21,6,7
1286,1429,Feb-2025,19,6,8
1287,1429,Mar-2025,7,7,3
1288,1430,Jan-2025,16,2,3
1289,1430,Feb-2025,22,5,1
1290,1430,Mar-2025,24,5,6
1291,1431,Jan-2025,9,1,3
1292,1431,Feb-2025,5,3,5
1293,1431,Mar-2025,20,4,11
1294,1432,Jan-2025,12,2,1
1295,1432,Feb-2025,8,2,11
1296,1432,Mar-2025,21,1,11
1297,1433,Jan-2025,11,4,5
1298,1433,Feb-2025,11,4,2
1299,1433,Mar-2025,18,5,4
1300,1434,Jan-2025,18,6,7
1301,1434,Feb-2025,23,2,10
1302,1434,Mar-2025,22,5,1
1303,1435,Jan-2025,9,4,6
1304,1435,Feb-2025,13,4,1
1305,1435,Mar-2025,19,5,10
1306,1436,Jan-2025,10,3,2
1307,1436,Feb-2025,10,5,1
1308,1436,Mar-2025,17,7,11
1309,1437,Jan-2025,5,7,4
1310,1437,Feb-2025,17,7,11
1311,1437,Mar-2025,9,5,2
1312,1438,Jan-2025,5,7,6
1313,1438,Feb-2025,20,6,10
1314,1438,Mar-2025,7,7,3
1315,1439,Jan-2025,6,1,9
1316,1439,Feb-2025,13,7,7
1317,1439,Mar-2025,7,2,2
1318,1440,Jan-2025,15,7,9
1319,1440,Feb-2025,5,5,4
1320,1440,Mar-2025,10,7,10
1321,1441,Jan-2025,11,2,2
1322,1441,Feb-2025,8,5,1
1323,1441,Mar-2025,5,2,3
1324,1442,Jan-2025,19,2,3
1325,1442,Feb-2025,16,1,11
1326,1442,Mar-2025,21,6,11
1327,1443,Jan-2025,22,2,2
1328,1443,Feb-2025,8,2,7
1329,1443,Mar-2025,17,7,9
1330,1444,Jan-2025,5,3,10
1331,1444,Feb-2025,9,3,5
1332,1444,Mar-2025,10,1,8
1333,1445,Jan-2025,12,6,8
1334,1445,Feb-2025,5,1,8
1335,1445,Mar-2025,9,1,2
1336,1446,Jan-2025,13,4,1
1337,1446,Feb-2025,21,5,2
1338,1446,Mar-2025,20,6,8
1339,1447,Jan-2025,15,5,5
1340,1447,Feb-2025,22,7,8
1341,1447,Mar-2025,14,5,1
1342,1448,Jan-2025,22,2,4
1343,1448,Feb-2025,9,5,2
1344,1448,Mar-2025,21,1,1
1345,1449,Jan-2025,8,2,11
1346,1449,Feb-2025,24,7,11
1347,1449,Mar-2025,16,1,11
1348,1450,Jan-2025,19,4,5
1349,1450,Feb-2025,23,2,4
1350,1450,Mar-2025,18,4,1
1351,1451,Jan-2025,22,5,3
1352,1451,Feb-2025,6,1,10
1353,1451,Mar-2025,23,1,1
1354,1452,Jan-2025,16,1,8
1355,1452,Feb-2025,7,3,1
1356,1452,Mar-2025,7,4,4
1357,1453,Jan-2025,11,6,4
1358,1453,Feb-2025,20,5,6
1359,1453,Mar-2025,5,1,9
1360,1454,Jan-2025,14,6,10
1361,1454,Feb-2025,12,5,7
1362,1454,Mar-2025,10,4,7
1363,1455,Jan-2025,13,6,11
1364,1455,Feb-2025,18,7,1
1365,1455,Mar-2025,17,4,3
1366,1456,Jan-2025,24,4,10
1367,1456,Feb-2025,15,2,1
1368,1456,Mar-2025,16,2,1
1369,1457,Jan-2025,17,6,8
1370,1457,Feb-2025,6,4,10
1371,1457,Mar-2025,20,4,8
1372,1458,Jan-2025,6,2,9
1373,1458,Feb-2025,19,5,7
1374,1458,Mar-2025,21,6,2
1375,1459,Jan-2025,24,4,11
1376,1459,Feb-2025,18,3,7
1377,1459,Mar-2025,16,2,4
1378,1460,Jan-2025,18,3,2
1379,1460,Feb-2025,16,5,6
1380,1460,Mar-2025,17,4,6
1381,1461,Jan-2025,22,4,4
1382,1461,Feb-2025,23,7,3
1383,1461,Mar-2025,10,4,11
1384,1462,Jan-2025,15,5,7
1385,1462,Feb-2025,9,3,3
1386,1462,Mar-2025,9,7,5
1387,1463,Jan-2025,9,1,3
1388,1463,Feb-2025,10,1,10
1389,1463,Mar-2025,12,5,9
1390,1464,Jan-2025,15,6,8
1391,1464,Feb-2025,14,5,3
1392,1464,Mar-2025,18,7,10
1393,1465,Jan-2025,16,6,7
1394,1465,Feb-2025,18,2,9
1395,1465,Mar-2025,14,2,1
1396,1466,Jan-2025,21,3,3
1397,1466,Feb-2025,5,4,7
1398,1466,Mar-2025,8,2,2
1399,1467,Jan-2025,14,5,6
1400,1467,Feb-2025,8,2,5
1401,1467,Mar-2025,23,2,1
1402,1468,Jan-2025,14,2,6
1403,1468,Feb-2025,12,5,3
1404,1468,Mar-2025,15,7,9
1405,1469,Jan-2025,16,1,2
1406,1469,Feb-2025,12,2,11
1407,1469,Mar-2025,8,2,5
1408,1470,Jan-2025,24,4,10
1409,1470,Feb-2025,16,5,6
1410,1470,Mar-2025,22,5,6
1411,1471,Jan-2025,16,2,7
1412,1471,Feb-2025,24,7,7
1413,1471,Mar-2025,13,1,10
1414,1472,Jan-2025,10,6,6
1415,1472,Feb-2025,16,6,10
1416,1472,Mar-2025,10,1,3
1417,1473,Jan-2025,22,6,8
1418,1473,Feb-2025,23,2,8
1419,1473,Mar-2025,12,5,8
1420,1474,Jan-2025,10,5,9
1421,1474,Feb-2025,11,1,11
1422,1474,Mar-2025,22,4,9
1423,1475,Jan-2025,24,4,10
1424,1475,Feb-2025,14,6,9
1425,1475,Mar-2025,24,2,10
1426,1476,Jan-2025,15,7,2
1427,1476,Feb-2025,24,6,7
1428,1476,Mar-2025,11,1,5
1429,1477,Jan-2025,6,2,1
1430,1477,Feb-2025,9,2,4
1431,1477,Mar-2025,7,3,2
1432,1478,Jan-2025,22,6,8
1433,1478,Feb-2025,12,5,5
1434,1478,Mar-2025,14,7,4
1435,1479,Jan-2025,21,3,2
1436,1479,Feb-2025,8,1,8
1437,1479,Mar-2025,8,2,3
1438,1480,Jan-2025,22,5,3
1439,1480,Feb-2025,20,1,8
1440,1480,Mar-2025,6,5,9
1441,1481,Jan-2025,12,2,9
1442,1481,Feb-2025,20,5,10
1443,1481,Mar-2025,17,3,3
1444,1482,Jan-2025,12,3,10
1445,1482,Feb-2025,16,2,11
1446,1482,Mar-2025,16,4,2
1447,1483,Jan-2025,17,5,6
1448,1483,Feb-2025,16,2,5
1449,1483,Mar-2025,11,2,10
1450,1484,Jan-2025,16,7,8
1451,1484,Feb-2025,13,7,5
1452,1484,Mar-2025,17,5,11
1453,1485,Jan-2025,14,4,9
1454,1485,Feb-2025,18,2,10
1455,1485,Mar-2025,11,4,3
1456,1486,Jan-2025,19,4,5
1457,1486,Feb-2025,10,1,4
1458,1486,Mar-2025,15,4,10
1459,1487,Jan-2025,9,7,5
1460,1487,Feb-2025,20,5,1
1461,1487,Mar-2025,11,5,7
1462,1488,Jan-2025,20,6,4
1463,1488,Feb-2025,12,7,5
1464,1488,Mar-2025,14,1,10
1465,1489,Jan-2025,9,1,9
1466,1489,Feb-2025,16,5,6
1467,1489,Mar-2025,24,6,8
1468,1490,Jan-2025,7,5,2
1469,1490,Feb-2025,18,2,7
1470,1490,Mar-2025,14,5,10
1471,1491,Jan-2025,18,3,10
1472,1491,Feb-2025,10,4,5
1473,1491,Mar-2025,5,7,8
1474,1492,Jan-2025,13,5,3
1475,1492,Feb-2025,14,3,9
1476,1492,Mar-2025,19,6,5
1477,1493,Jan-2025,23,6,3
1478,1493,Feb-2025,14,4,6
1479,1493,Mar-2025,8,7,2
1480,1494,Jan-2025,20,4,9
1481,1494,Feb-2025,16,2,4
1482,1494,Mar-2025,9,3,9
1483,1495,Jan-2025,22,3,3
1484,1495,Feb-2025,6,1,4
1485,1495,Mar-2025,13,7,2
1486,1496,Jan-2025,19,4,10
1487,1496,Feb-2025,20,4,4
1488,1496,Mar-2025,9,2,10
1489,1497,Jan-2025,5,7,10
1490,1497,Feb-2025,21,3,11
1491,1497,Mar-2025,7,6,10
1492,1498,Jan-2025,11,2,1
1493,1498,Feb-2025,10,7,6
1494,1498,Mar-2025,8,1,11
1495,1499,Jan-2025,13,4,7
1496,1499,Feb-2025,6,1,8
1497,1499,Mar-2025,12,7,8
1498,1500,Jan-2025,20,3,11
1499,1500,Feb-2025,6,7,8
1500,1500,Mar-2025,21,4,10
1501,1501,Jan-2025,20,1,11
1502,1501,Feb-2025,8,6,4
1503,1501,Mar-2025,7,6,1
1504,1502,Jan-2025,22,1,2
1505,1502,Feb-2025,21,4,7
1506,1502,Mar-2025,8,7,10
1507,1503,Jan-2025,24,7,7
1508,1503,Feb-2025,20,5,5
1509,1503,Mar-2025,19,1,2
1510,1504,Jan-2025,9,5,3
1511,1504,Feb-2025,17,2,4
1512,1504,Mar-2025,8,4,4
1513,1505,Jan-2025,23,5,7
1514,1505,Feb-2025,16,5,4
1515,1505,Mar-2025,6,2,5
1516,1506,Jan-2025,14,2,9
1517,1506,Feb-2025,17,7,5
1518,1506,Mar-2025,14,2,6
1519,1507,Jan-2025,23,5,8
1520,1507,Feb-2025,5,4,1
1521,1507,Mar-2025,11,6,5
1522,1508,Jan-2025,21,1,1
1523,1508,Feb-2025,9,2,9
1524,1508,Mar-2025,24,5,8
1525,1509,Jan-2025,10,3,3
1526,1509,Feb-2025,8,2,1
1527,1509,Mar-2025,17,6,8
1528,1510,Jan-2025,5,6,11
1529,1510,Feb-2025,21,4,10
1530,1510,Mar-2025,16,2,6
1531,1511,Jan-2025,5,7,10
1532,1511,Feb-2025,20,6,7
1533,1511,Mar-2025,24,4,6
1534,1512,Jan-2025,9,5,2
1535,1512,Feb-2025,19,6,9
1536,1512,Mar-2025,23,1,1
1537,1513,Jan-2025,17,3,10
1538,1513,Feb-2025,7,1,8
1539,1513,Mar-2025,7,1,6
1540,1514,Jan-2025,17,7,4
1541,1514,Feb-2025,24,4,2
1542,1514,Mar-2025,20,7,6
1543,1515,Jan-2025,23,5,1
1544,1515,Feb-2025,13,1,2
1545,1515,Mar-2025,23,3,8
1546,1516,Jan-2025,11,6,10
1547,1516,Feb-2025,14,3,4
1548,1516,Mar-2025,13,1,11
1549,1517,Jan-2025,19,2,4
1550,1517,Feb-2025,23,1,5
1551,1517,Mar-2025,11,2,5
1552,1518,Jan-2025,11,1,7
1553,1518,Feb-2025,8,5,4
1554,1518,Mar-2025,10,1,5
1555,1519,Jan-2025,16,4,8
1556,1519,Feb-2025,13,4,3
1557,1519,Mar-2025,18,5,2
1558,1520,Jan-2025,14,1,3
1559,1520,Feb-2025,16,2,1
1560,1520,Mar-2025,15,3,7
1561,1521,Jan-2025,21,1,9
1562,1521,Feb-2025,19,4,8
1563,1521,Mar-2025,7,6,11
1564,1522,Jan-2025,23,5,4
1565,1522,Feb-2025,5,5,1
1566,1522,Mar-2025,17,1,10
1567,1523,Jan-2025,19,3,11
1568,1523,Feb-2025,11,4,6
1569,1523,Mar-2025,22,6,11
1570,1524,Jan-2025,22,3,7
1571,1524,Feb-2025,21,5,2
1572,1524,Mar-2025,16,6,2
1573,1525,Jan-2025,11,4,2
1574,1525,Feb-2025,10,3,9
1575,1525,Mar-2025,13,6,8
1576,1526,Jan-2025,23,3,2
1577,1526,Feb-2025,9,6,4
1578,1526,Mar-2025,11,4,9
1579,1527,Jan-2025,16,2,11
1580,1527,Feb-2025,18,6,7
1581,1527,Mar-2025,20,4,6
1582,1528,Jan-2025,8,7,8
1583,1528,Feb-2025,5,7,9
1584,1528,Mar-2025,16,2,5
1585,1529,Jan-2025,16,2,10
1586,1529,Feb-2025,10,4,7
1587,1529,Mar-2025,22,2,10
1588,1530,Jan-2025,19,6,10
1589,1530,Feb-2025,21,4,7
1590,1530,Mar-2025,13,7,3
1591,1531,Jan-2025,11,7,2
1592,1531,Feb-2025,10,2,6
1593,1531,Mar-2025,17,2,3
1594,1532,Jan-2025,6,4,6
1595,1532,Feb-2025,22,5,2
1596,1532,Mar-2025,7,3,6
1597,1533,Jan-2025,14,3,3
1598,1533,Feb-2025,16,5,1
1599,1533,Mar-2025,11,5,8
1600,1534,Jan-2025,6,4,10
1601,1534,Feb-2025,11,1,4
1602,1534,Mar-2025,10,3,5
1603,1535,Jan-2025,14,1,11
1604,1535,Feb-2025,17,3,5
1605,1535,Mar-2025,10,4,8
1606,1536,Jan-2025,7,3,4
1607,1536,Feb-2025,9,6,3
1608,1536,Mar-2025,16,1,8
1609,1537,Jan-2025,17,4,11
1610,1537,Feb-2025,10,1,4
1611,1537,Mar-2025,12,1,3
1612,1538,Jan-2025,21,1,2
1613,1538,Feb-2025,17,4,2
1614,1538,Mar-2025,24,4,11
1615,1539,Jan-2025,19,3,7
1616,1539,Feb-2025,7,3,10
1617,1539,Mar-2025,16,5,4
1618,1540,Jan-2025,11,7,9
1619,1540,Feb-2025,17,4,8
1620,1540,Mar-2025,14,1,9
1621,1541,Jan-2025,12,6,3
1622,1541,Feb-2025,7,5,10
1623,1541,Mar-2025,15,6,7
1624,1542,Jan-2025,14,2,4
1625,1542,Feb-2025,6,3,8
1626,1542,Mar-2025,15,5,7
1627,1543,Jan-2025,17,2,6
1628,1543,Feb-2025,13,7,4
1629,1543,Mar-2025,6,2,9
1630,1544,Jan-2025,16,7,7
1631,1544,Feb-2025,21,5,11
1632,1544,Mar-2025,10,5,7
1633,1545,Jan-2025,18,6,6
1634,1545,Feb-2025,6,6,4
1635,1545,Mar-2025,19,4,1
1636,1546,Jan-2025,12,5,1
1637,1546,Feb-2025,24,1,6
1638,1546,Mar-2025,22,7,5
1639,1547,Jan-2025,11,2,6
1640,1547,Feb-2025,9,6,3
1641,1547,Mar-2025,14,7,10
1642,1548,Jan-2025,20,4,2
1643,1548,Feb-2025,5,6,6
1644,1548,Mar-2025,7,2,2
1645,1549,Jan-2025,17,1,11
1646,1549,Feb-2025,9,7,5
1647,1549,Mar-2025,11,5,4
1648,1550,Jan-2025,17,3,10
1649,1550,Feb-2025,11,2,5
1650,1550,Mar-2025,10,5,7
1651,1551,Jan-2025,6,5,10
1652,1551,Feb-2025,20,7,3
1653,1551,Mar-2025,13,5,6
1654,1552,Jan-2025,23,7,4
1655,1552,Feb-2025,7,5,4
1656,1552,Mar-2025,15,1,6
1657,1553,Jan-2025,15,3,1
1658,1553,Feb-2025,11,7,6
1659,1553,Mar-2025,18,2,11
1660,1554,Jan-2025,8,3,2
1661,1554,Feb-2025,5,7,3
1662,1554,Mar-2025,7,7,7
1663,1555,Jan-2025,5,1,11
1664,1555,Feb-2025,10,4,3
1665,1555,Mar-2025,23,2,2
1666,1556,Jan-2025,16,5,10
1667,1556,Feb-2025,9,1,2
1668,1556,Mar-2025,6,4,6
1669,1557,Jan-2025,14,2,4
1670,1557,Feb-2025,21,7,6
1671,1557,Mar-2025,20,1,3
1672,1558,Jan-2025,14,5,10
1673,1558,Feb-2025,17,2,6
1674,1558,Mar-2025,16,2,8
1675,1559,Jan-2025,9,6,11
1676,1559,Feb-2025,20,1,5
1677,1559,Mar-2025,7,4,8
1678,1560,Jan-2025,20,7,11
1679,1560,Feb-2025,6,6,11
1680,1560,Mar-2025,10,2,10
1681,1561,Jan-2025,10,6,9
1682,1561,Feb-2025,15,1,5
1683,1561,Mar-2025,11,6,5
1684,1562,Jan-2025,12,3,6
1685,1562,Feb-2025,24,2,2
1686,1562,Mar-2025,20,1,10
1687,1563,Jan-2025,14,5,6
1688,1563,Feb-2025,20,4,4
1689,1563,Mar-2025,17,6,5
1690,1564,Jan-2025,11,7,9
1691,1564,Feb-2025,12,5,6
1692,1564,Mar-2025,20,6,5
1693,1565,Jan-2025,5,1,9
1694,1565,Feb-2025,17,2,3
1695,1565,Mar-2025,21,3,8
1696,1566,Jan-2025,9,2,7
1697,1566,Feb-2025,14,4,9
1698,1566,Mar-2025,18,2,9
1699,1567,Jan-2025,13,5,11
1700,1567,Feb-2025,5,7,10
1701,1567,Mar-2025,14,4,9
1702,1568,Jan-2025,7,6,10
1703,1568,Feb-2025,10,5,2
1704,1568,Mar-2025,22,7,2
1705,1569,Jan-2025,16,6,5
1706,1569,Feb-2025,24,7,8
1707,1569,Mar-2025,20,4,1
1708,1570,Jan-2025,5,1,11
1709,1570,Feb-2025,5,5,4
1710,1570,Mar-2025,17,6,9
1711,1571,Jan-2025,19,3,7
1712,1571,Feb-2025,15,6,10
1713,1571,Mar-2025,17,1,8
1714,1572,Jan-2025,14,3,8
1715,1572,Feb-2025,8,3,1
1716,1572,Mar-2025,23,6,9
1717,1573,Jan-2025,6,3,1
1718,1573,Feb-2025,19,2,3
1719,1573,Mar-2025,8,3,5
1720,1574,Jan-2025,7,5,10
1721,1574,Feb-2025,15,2,2
1722,1574,Mar-2025,11,1,10
1723,1575,Jan-2025,22,7,7
1724,1575,Feb-2025,11,3,7
1725,1575,Mar-2025,21,2,1
1726,1576,Jan-2025,9,7,2
1727,1576,Feb-2025,13,7,7
1728,1576,Mar-2025,8,4,2
1729,1577,Jan-2025,8,4,1
1730,1577,Feb-2025,7,6,6
1731,1577,Mar-2025,8,1,7
1732,1578,Jan-2025,20,2,3
1733,1578,Feb-2025,5,5,3
1734,1578,Mar-2025,15,5,4
1735,1579,Jan-2025,9,5,4
1736,1579,Feb-2025,8,4,4
1737,1579,Mar-2025,24,5,2
1738,1580,Jan-2025,22,1,2
1739,1580,Feb-2025,6,5,4
1740,1580,Mar-2025,16,7,7
1741,1581,Jan-2025,21,4,3
1742,1581,Feb-2025,13,7,1
1743,1581,Mar-2025,9,2,4
1744,1582,Jan-2025,20,6,11
1745,1582,Feb-2025,5,3,10
1746,1582,Mar-2025,11,2,3
1747,1583,Jan-2025,24,2,3
1748,1583,Feb-2025,13,3,11
1749,1583,Mar-2025,9,2,4
1750,1584,Jan-2025,16,5,7
1751,1584,Feb-2025,18,7,3
1752,1584,Mar-2025,9,1,10
1753,1585,Jan-2025,14,2,11
1754,1585,Feb-2025,21,5,10
1755,1585,Mar-2025,13,1,1
1756,1586,Jan-2025,8,4,2
1757,1586,Feb-2025,13,6,9
1758,1586,Mar-2025,22,6,9
1759,1587,Jan-2025,19,6,8
1760,1587,Feb-2025,14,5,4
1761,1587,Mar-2025,22,2,9
1762,1588,Jan-2025,21,4,7
1763,1588,Feb-2025,20,3,3
1764,1588,Mar-2025,23,2,10
1765,1589,Jan-2025,10,5,10
1766,1589,Feb-2025,22,2,4
1767,1589,Mar-2025,20,1,9
1768,1590,Jan-2025,10,5,4
1769,1590,Feb-2025,18,1,4
1770,1590,Mar-2025,9,4,2
1771,1591,Jan-2025,16,5,6
1772,1591,Feb-2025,9,7,9
1773,1591,Mar-2025,14,1,3
1774,1592,Jan-2025,22,4,3
1775,1592,Feb-2025,13,2,2
1776,1592,Mar-2025,7,6,4
1777,1593,Jan-2025,23,5,7
1778,1593,Feb-2025,16,3,7
1779,1593,Mar-2025,13,2,6
1780,1594,Jan-2025,13,4,2
1781,1594,Feb-2025,22,5,5
1782,1594,Mar-2025,14,4,10
1783,1595,Jan-2025,15,7,9
1784,1595,Feb-2025,6,5,7
1785,1595,Mar-2025,10,6,7
1786,1596,Jan-2025,7,5,3
1787,1596,Feb-2025,10,3,10
1788,1596,Mar-2025,21,2,1
1789,1597,Jan-2025,8,2,11
1790,1597,Feb-2025,11,2,10
1791,1597,Mar-2025,22,5,4
1792,1598,Jan-2025,12,4,6
1793,1598,Feb-2025,22,3,8
1794,1598,Mar-2025,6,1,9
1795,1599,Jan-2025,23,4,8
1796,1599,Feb-2025,23,5,11
1797,1599,Mar-2025,19,3,7
1798,1600,Jan-2025,12,2,11
1799,1600,Feb-2025,23,2,10
1800,1600,Mar-2025,11,4,9
1801,1601,Jan-2025,5,3,5
1802,1601,Feb-2025,23,1,7
1803,1601,Mar-2025,11,2,8
1804,1602,Jan-2025,9,2,5
1805,1602,Feb-2025,9,1,10
1806,1602,Mar-2025,9,6,1
1807,1603,Jan-2025,15,7,1
1808,1603,Feb-2025,15,2,2
1809,1603,Mar-2025,20,5,7
1810,1604,Jan-2025,5,2,1
1811,1604,Feb-2025,21,6,2
1812,1604,Mar-2025,21,6,2
1813,1605,Jan-2025,10,2,8
1814,1605,Feb-2025,22,3,9
1815,1605,Mar-2025,12,4,10
1816,1606,Jan-2025,21,7,10
1817,1606,Feb-2025,10,6,6
1818,1606,Mar-2025,10,2,7
1819,1607,Jan-2025,16,3,6
1820,1607,Feb-2025,23,7,7
1821,1607,Mar-2025,12,2,9
1822,1608,Jan-2025,17,5,9
1823,1608,Feb-2025,14,5,7
1824,1608,Mar-2025,13,7,4
1825,1609,Jan-2025,6,1,2
1826,1609,Feb-2025,23,2,2
1827,1609,Mar-2025,7,6,3
1828,1610,Jan-2025,14,3,6
1829,1610,Feb-2025,20,1,3
1830,1610,Mar-2025,7,2,7
1831,1611,Jan-2025,13,4,5
1832,1611,Feb-2025,7,3,9
1833,1611,Mar-2025,8,5,1
1834,1612,Jan-2025,22,4,9
1835,1612,Feb-2025,6,5,8
1836,1612,Mar-2025,7,6,4
1837,1613,Jan-2025,15,7,10
1838,1613,Feb-2025,18,5,3
1839,1613,Mar-2025,20,6,10
1840,1614,Jan-2025,13,3,10
1841,1614,Feb-2025,21,3,2
1842,1614,Mar-2025,6,6,3
1843,1615,Jan-2025,12,2,3
1844,1615,Feb-2025,18,1,1
1845,1615,Mar-2025,7,6,10
1846,1616,Jan-2025,22,1,6
1847,1616,Feb-2025,5,5,11
1848,1616,Mar-2025,14,3,6
1849,1617,Jan-2025,16,4,1
1850,1617,Feb-2025,12,2,4
1851,1617,Mar-2025,7,4,7
1852,1618,Jan-2025,16,2,8
1853,1618,Feb-2025,18,6,7
1854,1618,Mar-2025,9,1,5
1855,1619,Jan-2025,15,5,3
1856,1619,Feb-2025,21,2,8
1857,1619,Mar-2025,5,7,5
1858,1620,Jan-2025,23,4,11
1859,1620,Feb-2025,6,1,11
1860,1620,Mar-2025,7,2,7
1861,1621,Jan-2025,9,5,10
1862,1621,Feb-2025,9,4,5
1863,1621,Mar-2025,24,7,6
1864,1622,Jan-2025,24,2,9
1865,1622,Feb-2025,6,1,10
1866,1622,Mar-2025,10,1,9
1867,1623,Jan-2025,7,1,1
1868,1623,Feb-2025,23,5,3
1869,1623,Mar-2025,16,1,9
1870,1624,Jan-2025,23,3,5
1871,1624,Feb-2025,6,6,7
1872,1624,Mar-2025,17,1,6
1873,1625,Jan-2025,7,4,5
1874,1625,Feb-2025,24,7,5
1875,1625,Mar-2025,12,6,1
1876,1626,Jan-2025,12,2,4
1877,1626,Feb-2025,20,2,4
1878,1626,Mar-2025,16,5,10
1879,1627,Jan-2025,11,1,8
1880,1627,Feb-2025,20,7,9
1881,1627,Mar-2025,12,2,7
1882,1628,Jan-2025,22,5,11
1883,1628,Feb-2025,22,7,4
1884,1628,Mar-2025,21,7,5
1885,1629,Jan-2025,20,1,10
1886,1629,Feb-2025,22,1,2
1887,1629,Mar-2025,11,4,10
1888,1630,Jan-2025,9,4,7
1889,1630,Feb-2025,20,3,10
1890,1630,Mar-2025,22,5,7
1891,1631,Jan-2025,18,7,1
1892,1631,Feb-2025,5,1,5
1893,1631,Mar-2025,21,7,9
1894,1632,Jan-2025,15,1,10
1895,1632,Feb-2025,18,5,4
1896,1632,Mar-2025,23,5,7
1897,1633,Jan-2025,17,2,7
1898,1633,Feb-2025,18,1,7
1899,1633,Mar-2025,12,2,9
1900,1634,Jan-2025,5,5,6
1901,1634,Feb-2025,21,3,11
1902,1634,Mar-2025,10,3,8
1903,1635,Jan-2025,9,2,4
1904,1635,Feb-2025,8,2,10
1905,1635,Mar-2025,15,3,10
1906,1636,Jan-2025,21,7,3
1907,1636,Feb-2025,20,6,3
1908,1636,Mar-2025,21,5,2
1909,1637,Jan-2025,15,4,1
1910,1637,Feb-2025,13,6,8
1911,1637,Mar-2025,24,1,2
1912,1638,Jan-2025,13,4,5
1913,1638,Feb-2025,10,3,4
1914,1638,Mar-2025,10,7,1
1915,1639,Jan-2025,5,5,6
1916,1639,Feb-2025,17,2,10
1917,1639,Mar-2025,18,2,6
1918,1640,Jan-2025,11,6,10
1919,1640,Feb-2025,14,1,8
1920,1640,Mar-2025,8,2,8
1921,1641,Jan-2025,17,7,6
1922,1641,Feb-2025,24,2,2
1923,1641,Mar-2025,9,2,9
1924,1642,Jan-2025,7,4,6
1925,1642,Feb-2025,14,6,3
1926,1642,Mar-2025,7,3,11
1927,1643,Jan-2025,21,7,4
1928,1643,Feb-2025,23,4,11
1929,1643,Mar-2025,9,5,2
1930,1644,Jan-2025,15,2,2
1931,1644,Feb-2025,24,7,4
1932,1644,Mar-2025,8,6,2
1933,1645,Jan-2025,10,7,11
1934,1645,Feb-2025,23,3,8
1935,1645,Mar-2025,6,3,8
1936,1646,Jan-2025,15,5,2
1937,1646,Feb-2025,22,6,6
1938,1646,Mar-2025,14,3,9
1939,1647,Jan-2025,7,3,3
1940,1647,Feb-2025,11,6,8
1941,1647,Mar-2025,15,7,9
1942,1648,Jan-2025,14,3,3
1943,1648,Feb-2025,20,6,5
1944,1648,Mar-2025,24,4,2
1945,1649,Jan-2025,17,5,4
1946,1649,Feb-2025,18,1,9
1947,1649,Mar-2025,23,3,5
1948,1650,Jan-2025,22,1,8
1949,1650,Feb-2025,23,1,1
1950,1650,Mar-2025,15,7,2
1951,1651,Jan-2025,10,6,3
1952,1651,Feb-2025,16,4,2
1953,1651,Mar-2025,6,7,7
1954,1652,Jan-2025,21,7,1
1955,1652,Feb-2025,18,6,3
1956,1652,Mar-2025,10,3,2
1957,1653,Jan-2025,9,6,2
1958,1653,Feb-2025,12,7,11
1959,1653,Mar-2025,5,2,9
1960,1654,Jan-2025,15,4,8
1961,1654,Feb-2025,11,7,5
1962,1654,Mar-2025,6,3,6
1963,1655,Jan-2025,14,3,4
1964,1655,Feb-2025,14,4,11
1965,1655,Mar-2025,22,6,2
1966,1656,Jan-2025,12,2,6
1967,1656,Feb-2025,17,5,8
1968,1656,Mar-2025,8,3,4
1969,1657,Jan-2025,9,1,1
1970,1657,Feb-2025,6,6,8
1971,1657,Mar-2025,11,7,10
1972,1658,Jan-2025,9,2,7
1973,1658,Feb-2025,12,4,7
1974,1658,Mar-2025,11,4,5
1975,1659,Jan-2025,22,6,4
1976,1659,Feb-2025,14,2,9
1977,1659,Mar-2025,11,6,5
1978,1660,Jan-2025,7,4,10
1979,1660,Feb-2025,24,3,11
1980,1660,Mar-2025,12,3,7
1981,1661,Jan-2025,11,7,7
1982,1661,Feb-2025,18,2,10
1983,1661,Mar-2025,23,2,9
1984,1662,Jan-2025,20,3,2
1985,1662,Feb-2025,13,5,10
1986,1662,Mar-2025,24,6,9
1987,1663,Jan-2025,23,7,7
1988,1663,Feb-2025,19,3,8
1989,1663,Mar-2025,14,7,4
1990,1664,Jan-2025,23,3,5
1991,1664,Feb-2025,19,6,1
1992,1664,Mar-2025,20,2,3
1993,1665,Jan-2025,7,5,9
1994,1665,Feb-2025,22,3,2
1995,1665,Mar-2025,16,6,6
1996,1666,Jan-2025,15,3,8
1997,1666,Feb-2025,16,5,11
1998,1666,Mar-2025,6,1,2
1999,1667,Jan-2025,5,2,2
2000,1667,Feb-2025,16,7,8
2001,1667,Mar-2025,9,6,1
2002,1668,Jan-2025,19,6,8
2003,1668,Feb-2025,17,3,11
2004,1668,Mar-2025,5,3,4
2005,1669,Jan-2025,5,6,8
2006,1669,Feb-2025,9,1,8
2007,1669,Mar-2025,14,2,9
2008,1670,Jan-2025,7,2,7
2009,1670,Feb-2025,19,5,6
2010,1670,Mar-2025,24,2,9
2011,1671,Jan-2025,7,4,7
2012,1671,Feb-2025,18,2,6
2013,1671,Mar-2025,15,7,11
2014,1672,Jan-2025,7,1,6
2015,1672,Feb-2025,12,6,5
2016,1672,Mar-2025,12,2,1
2017,1673,Jan-2025,5,7,4
2018,1673,Feb-2025,20,5,9
2019,1673,Mar-2025,5,4,1
2020,1674,Jan-2025,17,5,10
2021,1674,Feb-2025,9,2,6
2022,1674,Mar-2025,23,1,1
2023,1675,Jan-2025,24,1,8
2024,1675,Feb-2025,14,1,1
2025,1675,Mar-2025,13,3,11
2026,1676,Jan-2025,16,2,9
2027,1676,Feb-2025,21,1,9
2028,1676,Mar-2025,15,6,6
2029,1677,Jan-2025,8,7,5
2030,1677,Feb-2025,18,7,8
2031,1677,Mar-2025,12,1,8
2032,1678,Jan-2025,8,5,8
2033,1678,Feb-2025,7,5,4
2034,1678,Mar-2025,10,3,7
2035,1679,Jan-2025,8,4,7
2036,1679,Feb-2025,15,1,10
2037,1679,Mar-2025,11,4,7
2038,1680,Jan-2025,11,2,10
2039,1680,Feb-2025,12,1,9
2040,1680,Mar-2025,6,5,7
2041,1681,Jan-2025,8,1,8
2042,1681,Feb-2025,16,1,2
2043,1681,Mar-2025,17,7,2
2044,1682,Jan-2025,19,7,8
2045,1682,Feb-2025,19,1,4
2046,1682,Mar-2025,14,4,5
2047,1683,Jan-2025,13,7,8
2048,1683,Feb-2025,20,6,11
2049,1683,Mar-2025,17,7,5
2050,1684,Jan-2025,17,7,5
2051,1684,Feb-2025,20,2,11
2052,1684,Mar-2025,9,5,11
2053,1685,Jan-2025,23,3,7
2054,1685,Feb-2025,11,6,3
2055,1685,Mar-2025,17,7,5
2056,1686,Jan-2025,22,6,8
2057,1686,Feb-2025,21,4,11
2058,1686,Mar-2025,5,6,1
2059,1687,Jan-2025,14,4,11
2060,1687,Feb-2025,20,7,10
2061,1687,Mar-2025,21,3,2
2062,1688,Jan-2025,24,1,3
2063,1688,Feb-2025,12,6,6
2064,1688,Mar-2025,13,4,10
2065,1689,Jan-2025,16,4,7
2066,1689,Feb-2025,21,7,9
2067,1689,Mar-2025,11,2,9
2068,1690,Jan-2025,11,2,6
2069,1690,Feb-2025,16,3,4
2070,1690,Mar-2025,7,2,6
2071,1691,Jan-2025,9,2,8
2072,1691,Feb-2025,24,6,11
2073,1691,Mar-2025,14,1,5
2074,1692,Jan-2025,10,3,4
2075,1692,Feb-2025,9,7,9
2076,1692,Mar-2025,20,6,6
2077,1693,Jan-2025,12,3,4
2078,1693,Feb-2025,23,6,7
2079,1693,Mar-2025,9,2,2
2080,1694,Jan-2025,15,6,8
2081,1694,Feb-2025,5,7,11
2082,1694,Mar-2025,16,2,2
2083,1695,Jan-2025,11,2,1
2084,1695,Feb-2025,18,7,6
2085,1695,Mar-2025,7,3,6
2086,1696,Jan-2025,24,2,1
2087,1696,Feb-2025,16,4,1
2088,1696,Mar-2025,14,3,4
2089,1697,Jan-2025,22,5,11
2090,1697,Feb-2025,21,4,7
2091,1697,Mar-2025,14,3,6
2092,1698,Jan-2025,10,3,9
2093,1698,Feb-2025,19,2,4
2094,1698,Mar-2025,9,1,8
2095,1699,Jan-2025,12,6,5
2096,1699,Feb-2025,12,3,3
2097,1699,Mar-2025,22,5,3
2098,1700,Jan-2025,23,7,6
2099,1700,Feb-2025,20,2,4
2100,1700,Mar-2025,20,3,7
2101,1701,Jan-2025,21,1,10
2102,1701,Feb-2025,11,6,7
2103,1701,Mar-2025,5,1,4
2104,1702,Jan-2025,9,4,8
2105,1702,Feb-2025,11,7,10
2106,1702,Mar-2025,21,5,7
2107,1703,Jan-2025,5,7,10
2108,1703,Feb-2025,15,1,3
2109,1703,Mar-2025,8,4,9
2110,1704,Jan-2025,17,7,3
2111,1704,Feb-2025,14,5,7
2112,1704,Mar-2025,20,1,2
2113,1705,Jan-2025,11,3,2
2114,1705,Feb-2025,11,7,9
2115,1705,Mar-2025,15,2,7
2116,1706,Jan-2025,8,3,2
2117,1706,Feb-2025,20,7,5
2118,1706,Mar-2025,21,5,3
2119,1707,Jan-2025,11,6,8
2120,1707,Feb-2025,17,5,2
2121,1707,Mar-2025,13,6,11
2122,1708,Jan-2025,10,5,10
2123,1708,Feb-2025,11,1,7
2124,1708,Mar-2025,23,6,11
2125,1709,Jan-2025,15,7,2
2126,1709,Feb-2025,23,4,10
2127,1709,Mar-2025,10,1,9
2128,1710,Jan-2025,9,5,7
2129,1710,Feb-2025,13,1,1
2130,1710,Mar-2025,5,3,6
2131,1711,Jan-2025,22,2,11
2132,1711,Feb-2025,5,1,5
2133,1711,Mar-2025,24,1,4
2134,1712,Jan-2025,7,2,9
2135,1712,Feb-2025,18,7,11
2136,1712,Mar-2025,21,7,4
2137,1713,Jan-2025,9,2,5
2138,1713,Feb-2025,21,6,9
2139,1713,Mar-2025,6,7,6
2140,1714,Jan-2025,9,4,4
2141,1714,Feb-2025,10,4,5
2142,1714,Mar-2025,17,6,5
2143,1715,Jan-2025,11,4,1
2144,1715,Feb-2025,18,4,1
2145,1715,Mar-2025,18,6,8
2146,1716,Jan-2025,24,5,8
2147,1716,Feb-2025,7,1,3
2148,1716,Mar-2025,5,2,6
2149,1717,Jan-2025,14,2,6
2150,1717,Feb-2025,18,1,11
2151,1717,Mar-2025,17,1,5
2152,1718,Jan-2025,17,3,9
2153,1718,Feb-2025,18,3,3
2154,1718,Mar-2025,21,6,3
2155,1719,Jan-2025,20,7,11
2156,1719,Feb-2025,21,1,5
2157,1719,Mar-2025,24,3,9
2158,1720,Jan-2025,6,2,10
2159,1720,Feb-2025,15,4,6
2160,1720,Mar-2025,8,4,11
2161,1721,Jan-2025,17,5,6
2162,1721,Feb-2025,5,6,2
2163,1721,Mar-2025,13,1,10
2164,1722,Jan-2025,12,3,8
2165,1722,Feb-2025,20,6,6
2166,1722,Mar-2025,7,2,1
2167,1723,Jan-2025,18,4,10
2168,1723,Feb-2025,16,6,11
2169,1723,Mar-2025,16,2,2
2170,1724,Jan-2025,11,7,11
2171,1724,Feb-2025,8,4,1
2172,1724,Mar-2025,17,2,9
2173,1725,Jan-2025,13,7,7
2174,1725,Feb-2025,13,2,2
2175,1725,Mar-2025,10,7,3
2176,1726,Jan-2025,15,7,6
2177,1726,Feb-2025,7,7,11
2178,1726,Mar-2025,19,5,4
2179,1727,Jan-2025,14,6,9
2180,1727,Feb-2025,22,2,7
2181,1727,Mar-2025,19,2,2
2182,1728,Jan-2025,24,1,8
2183,1728,Feb-2025,6,4,2
2184,1728,Mar-2025,15,2,7
2185,1729,Jan-2025,10,6,10
2186,1729,Feb-2025,9,3,1
2187,1729,Mar-2025,6,1,3
2188,1730,Jan-2025,6,5,4
2189,1730,Feb-2025,8,7,6
2190,1730,Mar-2025,24,2,1
2191,1731,Jan-2025,5,6,4
2192,1731,Feb-2025,9,3,8
2193,1731,Mar-2025,17,5,8
2194,1732,Jan-2025,6,6,1
2195,1732,Feb-2025,21,3,3
2196,1732,Mar-2025,7,3,5
2197,1733,Jan-2025,21,2,6
2198,1733,Feb-2025,11,2,11
2199,1733,Mar-2025,7,4,10
2200,1734,Jan-2025,14,6,10
2201,1734,Feb-2025,14,2,3
2202,1734,Mar-2025,5,5,10
2203,1735,Jan-2025,14,2,1
2204,1735,Feb-2025,11,7,4
2205,1735,Mar-2025,13,6,2
2206,1736,Jan-2025,18,1,1
2207,1736,Feb-2025,13,4,5
2208,1736,Mar-2025,23,4,8
2209,1737,Jan-2025,17,4,9
2210,1737,Feb-2025,13,6,2
2211,1737,Mar-2025,16,2,11
2212,1738,Jan-2025,11,1,6
2213,1738,Feb-2025,23,6,7
2214,1738,Mar-2025,20,5,1
2215,1739,Jan-2025,23,5,7
2216,1739,Feb-2025,23,6,5
2217,1739,Mar-2025,21,2,6
2218,1740,Jan-2025,12,5,1
2219,1740,Feb-2025,6,6,4
2220,1740,Mar-2025,22,3,9
2221,1741,Jan-2025,14,4,5
2222,1741,Feb-2025,8,5,9
2223,1741,Mar-2025,17,2,11
2224,1742,Jan-2025,6,1,10
2225,1742,Feb-2025,23,1,3
2226,1742,Mar-2025,11,5,10
2227,1743,Jan-2025,5,2,5
2228,1743,Feb-2025,13,4,3
2229,1743,Mar-2025,9,1,10
2230,1744,Jan-2025,13,7,7
2231,1744,Feb-2025,16,1,11
2232,1744,Mar-2025,13,6,7
2233,1745,Jan-2025,6,7,9
2234,1745,Feb-2025,21,1,3
2235,1745,Mar-2025,10,5,2
2236,1746,Jan-2025,13,6,10
2237,1746,Feb-2025,18,4,4
2238,1746,Mar-2025,19,2,4
2239,1747,Jan-2025,20,5,4
2240,1747,Feb-2025,20,6,3
2241,1747,Mar-2025,12,6,10
2242,1748,Jan-2025,9,5,2
2243,1748,Feb-2025,14,2,7
2244,1748,Mar-2025,22,1,7
2245,1749,Jan-2025,5,7,4
2246,1749,Feb-2025,24,2,7
2247,1749,Mar-2025,13,2,1
2248,1750,Jan-2025,6,7,10
2249,1750,Feb-2025,24,1,1
2250,1750,Mar-2025,9,7,1
2251,1751,Jan-2025,20,5,11
2252,1751,Feb-2025,21,1,2
2253,1751,Mar-2025,17,6,11
2254,1752,Jan-2025,14,3,11
2255,1752,Feb-2025,21,7,9
2256,1752,Mar-2025,14,5,11
2257,1753,Jan-2025,22,5,6
2258,1753,Feb-2025,21,3,4
2259,1753,Mar-2025,20,1,2
2260,1754,Jan-2025,9,1,4
2261,1754,Feb-2025,8,6,10
2262,1754,Mar-2025,7,1,6
2263,1755,Jan-2025,16,2,2
2264,1755,Feb-2025,15,2,6
2265,1755,Mar-2025,10,2,2
2266,1756,Jan-2025,6,2,1
2267,1756,Feb-2025,12,2,5
2268,1756,Mar-2025,16,2,5
2269,1757,Jan-2025,22,3,6
2270,1757,Feb-2025,15,5,11
2271,1757,Mar-2025,24,4,5
2272,1758,Jan-2025,22,1,2
2273,1758,Feb-2025,14,2,10
2274,1758,Mar-2025,13,6,3
2275,1759,Jan-2025,14,7,4
2276,1759,Feb-2025,10,6,4
2277,1759,Mar-2025,19,7,1
2278,1760,Jan-2025,23,5,3
2279,1760,Feb-2025,21,6,11
2280,1760,Mar-2025,20,6,9
2281,1761,Jan-2025,12,3,7
2282,1761,Feb-2025,23,7,10
2283,1761,Mar-2025,14,1,4
2284,1762,Jan-2025,19,5,9
2285,1762,Feb-2025,6,2,9
2286,1762,Mar-2025,17,3,9
2287,1763,Jan-2025,17,7,5
2288,1763,Feb-2025,6,3,9
2289,1763,Mar-2025,20,2,6
2290,1764,Jan-2025,12,2,5
2291,1764,Feb-2025,13,1,9
2292,1764,Mar-2025,14,7,4
2293,1765,Jan-2025,7,6,10
2294,1765,Feb-2025,19,3,6
2295,1765,Mar-2025,16,5,1
2296,1766,Jan-2025,20,3,2
2297,1766,Feb-2025,15,5,9
2298,1766,Mar-2025,7,5,2
2299,1767,Jan-2025,24,7,2
2300,1767,Feb-2025,21,6,10
2301,1767,Mar-2025,12,2,10
2302,1768,Jan-2025,22,6,9
2303,1768,Feb-2025,23,4,8
2304,1768,Mar-2025,7,3,6
2305,1769,Jan-2025,21,4,1
2306,1769,Feb-2025,18,3,9
2307,1769,Mar-2025,16,5,11
2308,1770,Jan-2025,24,3,5
2309,1770,Feb-2025,19,6,11
2310,1770,Mar-2025,24,4,11
2311,1771,Jan-2025,16,6,11
2312,1771,Feb-2025,24,4,4
2313,1771,Mar-2025,15,5,9
2314,1772,Jan-2025,8,4,9
2315,1772,Feb-2025,17,2,6
2316,1772,Mar-2025,14,5,7
2317,1773,Jan-2025,23,3,1
2318,1773,Feb-2025,17,5,10
2319,1773,Mar-2025,6,2,6
2320,1774,Jan-2025,17,2,9
2321,1774,Feb-2025,5,6,4
2322,1774,Mar-2025,19,1,1
2323,1775,Jan-2025,17,6,11
2324,1775,Feb-2025,19,2,1
2325,1775,Mar-2025,15,4,3
2326,1776,Jan-2025,16,4,11
2327,1776,Feb-2025,21,7,11
2328,1776,Mar-2025,21,3,6
2329,1777,Jan-2025,5,6,11
2330,1777,Feb-2025,16,7,2
2331,1777,Mar-2025,18,6,1
2332,1778,Jan-2025,17,6,7
2333,1778,Feb-2025,19,4,10
2334,1778,Mar-2025,18,6,8
2335,1779,Jan-2025,16,3,9
2336,1779,Feb-2025,24,6,8
2337,1779,Mar-2025,23,2,6
2338,1780,Jan-2025,24,1,8
2339,1780,Feb-2025,18,1,2
2340,1780,Mar-2025,9,7,9
2341,1781,Jan-2025,12,6,4
2342,1781,Feb-2025,19,1,6
2343,1781,Mar-2025,7,6,6
2344,1782,Jan-2025,18,4,2
2345,1782,Feb-2025,19,1,2
2346,1782,Mar-2025,7,2,1
2347,1783,Jan-2025,11,7,1
2348,1783,Feb-2025,15,1,5
2349,1783,Mar-2025,11,3,9
2350,1784,Jan-2025,19,3,5
2351,1784,Feb-2025,16,6,4
2352,1784,Mar-2025,9,3,9
2353,1785,Jan-2025,13,7,10
2354,1785,Feb-2025,6,7,7
2355,1785,Mar-2025,20,1,11
2356,1786,Jan-2025,23,4,1
2357,1786,Feb-2025,10,4,1
2358,1786,Mar-2025,22,7,3
2359,1787,Jan-2025,13,5,8
2360,1787,Feb-2025,17,7,11
2361,1787,Mar-2025,16,6,4
2362,1788,Jan-2025,5,4,3
2363,1788,Feb-2025,13,2,4
2364,1788,Mar-2025,24,6,9
2365,1789,Jan-2025,17,4,11
2366,1789,Feb-2025,16,6,2
2367,1789,Mar-2025,16,5,4
2368,1790,Jan-2025,16,5,9
2369,1790,Feb-2025,15,1,2
2370,1790,Mar-2025,7,4,1
2371,1791,Jan-2025,18,1,1
2372,1791,Feb-2025,12,5,5
2373,1791,Mar-2025,13,3,3
2374,1792,Jan-2025,13,6,2
2375,1792,Feb-2025,20,1,2
2376,1792,Mar-2025,18,6,1
2377,1793,Jan-2025,20,7,10
2378,1793,Feb-2025,19,4,8
2379,1793,Mar-2025,19,7,3
2380,1794,Jan-2025,12,2,2
2381,1794,Feb-2025,14,3,7
2382,1794,Mar-2025,21,4,7
2383,1795,Jan-2025,8,6,5
2384,1795,Feb-2025,14,5,1
2385,1795,Mar-2025,8,7,1
2386,1796,Jan-2025,21,2,1
2387,1796,Feb-2025,11,7,4
2388,1796,Mar-2025,19,5,2
2389,1797,Jan-2025,23,5,8
2390,1797,Feb-2025,15,3,6
2391,1797,Mar-2025,19,2,9
2392,1798,Jan-2025,13,4,1
2393,1798,Feb-2025,21,7,10
2394,1798,Mar-2025,9,6,2
2395,1799,Jan-2025,19,6,7
2396,1799,Feb-2025,21,6,8
2397,1799,Mar-2025,16,5,7
2398,1800,Jan-2025,14,6,4
2399,1800,Feb-2025,19,7,7
2400,1800,Mar-2025,13,2,10
2401,1801,Jan-2025,20,5,7
2402,1801,Feb-2025,9,7,3
2403,1801,Mar-2025,22,3,5
2404,1802,Jan-2025,24,5,8
2405,1802,Feb-2025,16,4,9
2406,1802,Mar-2025,11,2,7
2407,1803,Jan-2025,17,5,8
2408,1803,Feb-2025,16,6,8
2409,1803,Mar-2025,23,2,10
2410,1804,Jan-2025,5,6,1
2411,1804,Feb-2025,22,3,2
2412,1804,Mar-2025,11,2,10
2413,1805,Jan-2025,12,6,7
2414,1805,Feb-2025,14,3,9
2415,1805,Mar-2025,17,1,7
2416,1806,Jan-2025,13,5,10
2417,1806,Feb-2025,7,3,1
2418,1806,Mar-2025,24,2,9
2419,1807,Jan-2025,7,7,8
2420,1807,Feb-2025,10,6,5
2421,1807,Mar-2025,5,4,3
2422,1808,Jan-2025,5,4,5
2423,1808,Feb-2025,6,7,3
2424,1808,Mar-2025,15,6,6
2425,1809,Jan-2025,24,1,5
2426,1809,Feb-2025,24,2,6
2427,1809,Mar-2025,22,4,7
2428,1810,Jan-2025,23,1,11
2429,1810,Feb-2025,10,6,10
2430,1810,Mar-2025,17,3,3
2431,1811,Jan-2025,23,5,11
2432,1811,Feb-2025,23,2,8
2433,1811,Mar-2025,22,4,4
2434,1812,Jan-2025,14,5,1
2435,1812,Feb-2025,8,4,11
2436,1812,Mar-2025,8,2,9
2437,1813,Jan-2025,7,7,2
2438,1813,Feb-2025,21,6,10
2439,1813,Mar-2025,12,3,11
2440,1814,Jan-2025,22,6,1
2441,1814,Feb-2025,20,7,3
2442,1814,Mar-2025,8,1,5
2443,1815,Jan-2025,23,7,8
2444,1815,Feb-2025,10,2,3
2445,1815,Mar-2025,19,2,7
2446,1816,Jan-2025,14,6,1
2447,1816,Feb-2025,13,3,5
2448,1816,Mar-2025,11,3,4
2449,1817,Jan-2025,11,2,9
2450,1817,Feb-2025,20,5,8
2451,1817,Mar-2025,10,6,9
2452,1818,Jan-2025,8,3,11
2453,1818,Feb-2025,9,1,1
2454,1818,Mar-2025,24,7,11
2455,1819,Jan-2025,19,1,11
2456,1819,Feb-2025,17,2,6
2457,1819,Mar-2025,13,2,4
2458,1820,Jan-2025,21,6,8
2459,1820,Feb-2025,22,3,1
2460,1820,Mar-2025,11,4,10
2461,1821,Jan-2025,13,3,9
2462,1821,Feb-2025,7,6,7
2463,1821,Mar-2025,18,2,9
2464,1822,Jan-2025,19,2,8
2465,1822,Feb-2025,18,7,4
2466,1822,Mar-2025,22,3,5
2467,1823,Jan-2025,10,6,11
2468,1823,Feb-2025,11,7,10
2469,1823,Mar-2025,5,4,9
2470,1824,Jan-2025,5,3,2
2471,1824,Feb-2025,18,6,11
2472,1824,Mar-2025,14,3,1
2473,1825,Jan-2025,8,7,10
2474,1825,Feb-2025,20,5,9
2475,1825,Mar-2025,15,3,6
2476,1826,Jan-2025,5,6,6
2477,1826,Feb-2025,17,6,8
2478,1826,Mar-2025,9,7,11
2479,1827,Jan-2025,22,4,10
2480,1827,Feb-2025,9,2,4
2481,1827,Mar-2025,6,7,10
2482,1828,Jan-2025,20,2,2
2483,1828,Feb-2025,21,6,5
2484,1828,Mar-2025,17,1,1
2485,1829,Jan-2025,19,1,6
2486,1829,Feb-2025,17,3,1
2487,1829,Mar-2025,9,7,9
2488,1830,Jan-2025,21,1,8
2489,1830,Feb-2025,5,4,5
2490,1830,Mar-2025,10,1,1
2491,1831,Jan-2025,5,2,10
2492,1831,Feb-2025,7,1,3
2493,1831,Mar-2025,15,5,2
2494,1832,Jan-2025,6,1,8
2495,1832,Feb-2025,21,4,4
2496,1832,Mar-2025,21,1,4
2497,1833,Jan-2025,22,3,11
2498,1833,Feb-2025,22,4,1
2499,1833,Mar-2025,22,5,10
2500,1834,Jan-2025,19,1,11
2501,1834,Feb-2025,24,6,8
2502,1834,Mar-2025,20,6,2
2503,1835,Jan-2025,5,1,6
2504,1835,Feb-2025,16,1,9
2505,1835,Mar-2025,19,6,3
2506,1836,Jan-2025,14,5,10
2507,1836,Feb-2025,16,6,9
2508,1836,Mar-2025,17,3,5
2509,1837,Jan-2025,18,5,10
2510,1837,Feb-2025,20,7,4
2511,1837,Mar-2025,24,7,9
2512,1838,Jan-2025,15,4,4
2513,1838,Feb-2025,21,5,11
2514,1838,Mar-2025,7,1,6
2515,1839,Jan-2025,15,3,11
2516,1839,Feb-2025,9,6,1
2517,1839,Mar-2025,7,4,5
2518,1840,Jan-2025,8,3,10
2519,1840,Feb-2025,21,5,10
2520,1840,Mar-2025,5,4,4
2521,1841,Jan-2025,15,5,2
2522,1841,Feb-2025,21,6,5
2523,1841,Mar-2025,13,5,11
2524,1842,Jan-2025,20,3,2
2525,1842,Feb-2025,14,4,8
2526,1842,Mar-2025,15,6,10
2527,1843,Jan-2025,17,1,1
2528,1843,Feb-2025,11,3,4
2529,1843,Mar-2025,17,3,7
2530,1844,Jan-2025,13,3,6
2531,1844,Feb-2025,12,6,2
2532,1844,Mar-2025,6,2,2
2533,1845,Jan-2025,15,7,1
2534,1845,Feb-2025,18,3,1
2535,1845,Mar-2025,11,7,5
2536,1846,Jan-2025,15,3,1
2537,1846,Feb-2025,10,3,1
2538,1846,Mar-2025,13,2,1
2539,1847,Jan-2025,16,7,6
2540,1847,Feb-2025,9,3,4
2541,1847,Mar-2025,8,3,10
2542,1848,Jan-2025,21,7,10
2543,1848,Feb-2025,8,7,1
2544,1848,Mar-2025,23,5,4
2545,1849,Jan-2025,22,3,4
2546,1849,Feb-2025,7,5,1
2547,1849,Mar-2025,16,2,8
2548,1850,Jan-2025,19,5,4
2549,1850,Feb-2025,24,3,5
2550,1850,Mar-2025,8,7,1
2551,1851,Jan-2025,16,3,10
2552,1851,Feb-2025,19,2,8
2553,1851,Mar-2025,22,1,3
2554,1852,Jan-2025,16,1,3
2555,1852,Feb-2025,7,5,3
2556,1852,Mar-2025,5,4,10
2557,1853,Jan-2025,8,1,2
2558,1853,Feb-2025,5,6,3
2559,1853,Mar-2025,13,7,4
2560,1854,Jan-2025,9,3,5
2561,1854,Feb-2025,13,2,3
2562,1854,Mar-2025,10,3,9
2563,1855,Jan-2025,19,7,3
2564,1855,Feb-2025,5,4,6
2565,1855,Mar-2025,23,6,1
2566,1856,Jan-2025,18,1,9
2567,1856,Feb-2025,18,4,1
2568,1856,Mar-2025,17,6,1
2569,1857,Jan-2025,16,7,3
2570,1857,Feb-2025,10,7,1
2571,1857,Mar-2025,5,5,5
2572,1858,Jan-2025,10,7,9
2573,1858,Feb-2025,20,6,1
2574,1858,Mar-2025,17,4,10
2575,1859,Jan-2025,14,1,3
2576,1859,Feb-2025,22,4,2
2577,1859,Mar-2025,21,4,3
2578,1860,Jan-2025,17,5,1
2579,1860,Feb-2025,6,1,8
2580,1860,Mar-2025,9,3,7
2581,1861,Jan-2025,17,5,7
2582,1861,Feb-2025,22,5,7
2583,1861,Mar-2025,5,5,1
2584,1862,Jan-2025,12,7,4
2585,1862,Feb-2025,8,2,5
2586,1862,Mar-2025,5,1,5
2587,1863,Jan-2025,10,2,10
2588,1863,Feb-2025,5,4,7
2589,1863,Mar-2025,5,1,8
2590,1864,Jan-2025,24,5,7
2591,1864,Feb-2025,22,6,4
2592,1864,Mar-2025,14,4,1
2593,1865,Jan-2025,14,1,3
2594,1865,Feb-2025,23,2,9
2595,1865,Mar-2025,14,3,8
2596,1866,Jan-2025,22,6,3
2597,1866,Feb-2025,6,1,2
2598,1866,Mar-2025,13,5,2
2599,1867,Jan-2025,11,7,5
2600,1867,Feb-2025,23,1,6
2601,1867,Mar-2025,15,1,5
2602,1868,Jan-2025,11,4,8
2603,1868,Feb-2025,14,5,9
2604,1868,Mar-2025,5,2,3
2605,1869,Jan-2025,18,4,10
2606,1869,Feb-2025,13,2,6
2607,1869,Mar-2025,21,4,9
2608,1870,Jan-2025,10,4,4
2609,1870,Feb-2025,7,7,3
2610,1870,Mar-2025,22,2,8
2611,1871,Jan-2025,8,1,5
2612,1871,Feb-2025,17,1,1
2613,1871,Mar-2025,17,4,6
2614,1872,Jan-2025,18,3,5
2615,1872,Feb-2025,11,1,7
2616,1872,Mar-2025,16,3,8
2617,1873,Jan-2025,12,1,6
2618,1873,Feb-2025,6,3,4
2619,1873,Mar-2025,24,6,1
2620,1874,Jan-2025,14,6,4
2621,1874,Feb-2025,15,3,4
2622,1874,Mar-2025,5,3,5
2623,1875,Jan-2025,13,1,9
2624,1875,Feb-2025,21,4,9
2625,1875,Mar-2025,17,2,11
2626,1876,Jan-2025,5,1,6
2627,1876,Feb-2025,13,7,5
2628,1876,Mar-2025,20,2,1
2629,1877,Jan-2025,22,1,3
2630,1877,Feb-2025,12,3,10
2631,1877,Mar-2025,9,7,8
2632,1878,Jan-2025,23,2,2
2633,1878,Feb-2025,5,7,2
2634,1878,Mar-2025,11,7,6
2635,1879,Jan-2025,13,7,11
2636,1879,Feb-2025,20,1,6
2637,1879,Mar-2025,20,4,1
2638,1880,Jan-2025,9,3,9
2639,1880,Feb-2025,17,5,9
2640,1880,Mar-2025,7,3,1
2641,1881,Jan-2025,22,4,9
2642,1881,Feb-2025,13,2,2
2643,1881,Mar-2025,11,3,4
2644,1882,Jan-2025,17,1,8
2645,1882,Feb-2025,6,6,3
2646,1882,Mar-2025,9,6,3
2647,1883,Jan-2025,11,6,2
2648,1883,Feb-2025,17,5,7
2649,1883,Mar-2025,14,1,9
2650,1884,Jan-2025,6,7,5
2651,1884,Feb-2025,21,7,6
2652,1884,Mar-2025,8,1,9
2653,1885,Jan-2025,24,2,8
2654,1885,Feb-2025,22,5,11
2655,1885,Mar-2025,15,5,8
2656,1886,Jan-2025,5,1,4
2657,1886,Feb-2025,17,7,9
2658,1886,Mar-2025,11,7,8
2659,1887,Jan-2025,9,5,1
2660,1887,Feb-2025,13,6,9
2661,1887,Mar-2025,23,5,2
2662,1888,Jan-2025,14,5,8
2663,1888,Feb-2025,15,2,8
2664,1888,Mar-2025,8,2,10
2665,1889,Jan-2025,5,5,5
2666,1889,Feb-2025,17,1,7
2667,1889,Mar-2025,12,3,3
2668,1890,Jan-2025,11,4,3
2669,1890,Feb-2025,19,3,7
2670,1890,Mar-2025,22,3,11
2671,1891,Jan-2025,21,4,6
2672,1891,Feb-2025,12,1,10
2673,1891,Mar-2025,23,3,4
2674,1892,Jan-2025,15,7,1
2675,1892,Feb-2025,13,3,3
2676,1892,Mar-2025,17,2,4
2677,1893,Jan-2025,5,4,1
2678,1893,Feb-2025,9,5,11
2679,1893,Mar-2025,18,4,7
2680,1894,Jan-2025,24,3,6
2681,1894,Feb-2025,8,6,3
2682,1894,Mar-2025,13,5,7
2683,1895,Jan-2025,18,6,10
2684,1895,Feb-2025,20,7,5
2685,1895,Mar-2025,10,2,2
2686,1896,Jan-2025,17,5,3
2687,1896,Feb-2025,22,4,3
2688,1896,Mar-2025,5,6,2
2689,1897,Jan-2025,12,6,7
2690,1897,Feb-2025,15,1,7
2691,1897,Mar-2025,23,3,8
2692,1898,Jan-2025,8,3,8
2693,1898,Feb-2025,13,2,2
2694,1898,Mar-2025,20,7,6
2695,1899,Jan-2025,23,4,8
2696,1899,Feb-2025,18,4,5
2697,1899,Mar-2025,23,2,9
2698,1900,Jan-2025,6,1,4
2699,1900,Feb-2025,16,5,2
2700,1900,Mar-2025,14,1,4
2701,1901,Jan-2025,16,1,4
2702,1901,Feb-2025,13,7,6
2703,1901,Mar-2025,5,2,6
2704,1902,Jan-2025,22,6,2
2705,1902,Feb-2025,24,7,8
2706,1902,Mar-2025,17,7,11
2707,1903,Jan-2025,11,1,2
2708,1903,Feb-2025,23,1,7
2709,1903,Mar-2025,5,5,5
2710,1904,Jan-2025,7,7,10
2711,1904,Feb-2025,23,5,7
2712,1904,Mar-2025,18,3,10
2713,1905,Jan-2025,6,6,8
2714,1905,Feb-2025,8,1,8
2715,1905,Mar-2025,11,6,7
2716,1906,Jan-2025,23,6,6
2717,1906,Feb-2025,17,5,5
2718,1906,Mar-2025,5,3,3
2719,1907,Jan-2025,5,4,10
2720,1907,Feb-2025,7,3,4
2721,1907,Mar-2025,13,3,6
2722,1908,Jan-2025,10,7,9
2723,1908,Feb-2025,16,7,1
2724,1908,Mar-2025,20,7,8
2725,1909,Jan-2025,9,1,10
2726,1909,Feb-2025,17,7,5
2727,1909,Mar-2025,9,7,2
2728,1910,Jan-2025,16,3,3
2729,1910,Feb-2025,11,1,3
2730,1910,Mar-2025,22,1,9
2731,1911,Jan-2025,9,3,2
2732,1911,Feb-2025,5,7,11
2733,1911,Mar-2025,15,7,2
2734,1912,Jan-2025,21,2,7
2735,1912,Feb-2025,11,2,6
2736,1912,Mar-2025,7,6,3
2737,1913,Jan-2025,15,5,9
2738,1913,Feb-2025,8,1,4
2739,1913,Mar-2025,22,7,4
2740,1914,Jan-2025,10,5,1
2741,1914,Feb-2025,7,5,6
2742,1914,Mar-2025,21,6,9
2743,1915,Jan-2025,7,2,3
2744,1915,Feb-2025,15,2,8
2745,1915,Mar-2025,19,5,3
2746,1916,Jan-2025,20,2,7
2747,1916,Feb-2025,17,4,9
2748,1916,Mar-2025,14,1,7
2749,1917,Jan-2025,19,4,8
2750,1917,Feb-2025,23,3,5
2751,1917,Mar-2025,6,2,7
2752,1918,Jan-2025,17,1,11
2753,1918,Feb-2025,15,7,10
2754,1918,Mar-2025,20,2,8
2755,1919,Jan-2025,16,1,6
2756,1919,Feb-2025,16,2,2
2757,1919,Mar-2025,22,4,9
2758,1920,Jan-2025,11,2,8
2759,1920,Feb-2025,15,7,9
2760,1920,Mar-2025,12,3,1
2761,1921,Jan-2025,6,7,2
2762,1921,Feb-2025,20,4,6
2763,1921,Mar-2025,8,1,4
2764,1922,Jan-2025,10,6,10
2765,1922,Feb-2025,15,2,1
2766,1922,Mar-2025,7,7,6
2767,1923,Jan-2025,7,7,11
2768,1923,Feb-2025,22,7,5
2769,1923,Mar-2025,20,6,1
2770,1924,Jan-2025,13,3,7
2771,1924,Feb-2025,7,4,6
2772,1924,Mar-2025,7,4,7
2773,1925,Jan-2025,10,1,5
2774,1925,Feb-2025,24,3,10
2775,1925,Mar-2025,5,3,3
2776,1926,Jan-2025,17,7,1
2777,1926,Feb-2025,23,5,8
2778,1926,Mar-2025,20,1,7
2779,1927,Jan-2025,19,3,8
2780,1927,Feb-2025,10,3,3
2781,1927,Mar-2025,19,1,7
2782,1928,Jan-2025,5,1,9
2783,1928,Feb-2025,17,3,4
2784,1928,Mar-2025,10,1,7
2785,1929,Jan-2025,16,7,6
2786,1929,Feb-2025,24,7,3
2787,1929,Mar-2025,21,4,3
2788,1930,Jan-2025,5,2,11
2789,1930,Feb-2025,19,1,4
2790,1930,Mar-2025,18,4,5
2791,1931,Jan-2025,17,4,8
2792,1931,Feb-2025,19,6,1
2793,1931,Mar-2025,23,7,6
2794,1932,Jan-2025,19,7,10
2795,1932,Feb-2025,13,1,1
2796,1932,Mar-2025,21,1,8
2797,1933,Jan-2025,16,5,10
2798,1933,Feb-2025,23,5,2
2799,1933,Mar-2025,8,3,7
2800,1934,Jan-2025,19,7,8
2801,1934,Feb-2025,10,3,6
2802,1934,Mar-2025,20,2,7
2803,1935,Jan-2025,15,2,7
2804,1935,Feb-2025,8,5,8
2805,1935,Mar-2025,24,7,4
2806,1936,Jan-2025,16,5,7
2807,1936,Feb-2025,23,2,5
2808,1936,Mar-2025,23,5,3
2809,1937,Jan-2025,15,7,1
2810,1937,Feb-2025,13,5,9
2811,1937,Mar-2025,14,5,6
2812,1938,Jan-2025,9,5,3
2813,1938,Feb-2025,12,4,10
2814,1938,Mar-2025,17,7,3
2815,1939,Jan-2025,12,5,9
2816,1939,Feb-2025,16,3,2
2817,1939,Mar-2025,22,1,2
2818,1940,Jan-2025,6,3,3
2819,1940,Feb-2025,8,7,9
2820,1940,Mar-2025,22,4,9
2821,1941,Jan-2025,22,2,11
2822,1941,Feb-2025,21,2,8
2823,1941,Mar-2025,24,4,2
2824,1942,Jan-2025,6,1,4
2825,1942,Feb-2025,21,5,4
2826,1942,Mar-2025,7,4,6
2827,1943,Jan-2025,12,2,6
2828,1943,Feb-2025,14,4,5
2829,1943,Mar-2025,14,2,7
2830,1944,Jan-2025,7,4,10
2831,1944,Feb-2025,13,4,3
2832,1944,Mar-2025,18,2,5
2833,1945,Jan-2025,24,5,8
2834,1945,Feb-2025,11,6,11
2835,1945,Mar-2025,16,2,3
2836,1946,Jan-2025,14,1,9
2837,1946,Feb-2025,18,3,2
2838,1946,Mar-2025,19,6,10
2839,1947,Jan-2025,16,7,1
2840,1947,Feb-2025,5,2,2
2841,1947,Mar-2025,19,3,1
2842,1948,Jan-2025,9,7,3
2843,1948,Feb-2025,5,4,11
2844,1948,Mar-2025,23,1,9
2845,1949,Jan-2025,16,7,1
2846,1949,Feb-2025,23,6,8
2847,1949,Mar-2025,8,5,9
2848,1950,Jan-2025,11,7,4
2849,1950,Feb-2025,24,4,11
2850,1950,Mar-2025,9,1,2
2851,1951,Jan-2025,11,1,1
2852,1951,Feb-2025,24,2,7
2853,1951,Mar-2025,6,3,2
2854,1952,Jan-2025,5,2,2
2855,1952,Feb-2025,13,6,10
2856,1952,Mar-2025,6,4,10
2857,1953,Jan-2025,19,2,9
2858,1953,Feb-2025,21,4,9
2859,1953,Mar-2025,22,4,9
2860,1954,Jan-2025,20,4,3
2861,1954,Feb-2025,5,7,6
2862,1954,Mar-2025,14,4,6
2863,1955,Jan-2025,17,4,6
2864,1955,Feb-2025,15,5,3
2865,1955,Mar-2025,24,2,1
2866,1956,Jan-2025,24,3,10
2867,1956,Feb-2025,16,6,9
2868,1956,Mar-2025,12,3,4
2869,1957,Jan-2025,11,2,3
2870,1957,Feb-2025,8,2,10
2871,1957,Mar-2025,22,6,10
2872,1958,Jan-2025,20,6,11
2873,1958,Feb-2025,14,1,6
2874,1958,Mar-2025,8,3,2
2875,1959,Jan-2025,11,1,3
2876,1959,Feb-2025,20,6,9
2877,1959,Mar-2025,20,2,7
2878,1960,Jan-2025,15,7,9
2879,1960,Feb-2025,8,1,11
2880,1960,Mar-2025,8,3,2
2881,1961,Jan-2025,13,4,2
2882,1961,Feb-2025,10,5,5
2883,1961,Mar-2025,24,6,5
2884,1962,Jan-2025,8,5,9
2885,1962,Feb-2025,14,2,10
2886,1962,Mar-2025,23,2,6
2887,1963,Jan-2025,21,5,10
2888,1963,Feb-2025,10,7,11
2889,1963,Mar-2025,19,1,11
2890,1964,Jan-2025,23,2,4
2891,1964,Feb-2025,12,3,8
2892,1964,Mar-2025,23,4,3
2893,1965,Jan-2025,14,2,4
2894,1965,Feb-2025,10,3,11
2895,1965,Mar-2025,23,2,9
2896,1966,Jan-2025,21,1,1
2897,1966,Feb-2025,19,6,7
2898,1966,Mar-2025,23,6,3
2899,1967,Jan-2025,5,4,2
2900,1967,Feb-2025,12,3,7
2901,1967,Mar-2025,10,1,8
2902,1968,Jan-2025,5,3,11
2903,1968,Feb-2025,19,7,9
2904,1968,Mar-2025,15,3,5
2905,1969,Jan-2025,14,4,1
2906,1969,Feb-2025,11,1,10
2907,1969,Mar-2025,14,7,6
2908,1970,Jan-2025,21,2,5
2909,1970,Feb-2025,22,6,10
2910,1970,Mar-2025,21,6,8
2911,1971,Jan-2025,17,5,8
2912,1971,Feb-2025,20,3,6
2913,1971,Mar-2025,7,1,2
2914,1972,Jan-2025,9,5,10
2915,1972,Feb-2025,9,2,1
2916,1972,Mar-2025,5,7,9
2917,1973,Jan-2025,6,7,10
2918,1973,Feb-2025,24,7,8
2919,1973,Mar-2025,20,5,1
2920,1974,Jan-2025,20,4,10
2921,1974,Feb-2025,20,3,10
2922,1974,Mar-2025,19,4,5
2923,1975,Jan-2025,14,5,10
2924,1975,Feb-2025,6,7,3
2925,1975,Mar-2025,19,1,10
2926,1976,Jan-2025,7,1,10
2927,1976,Feb-2025,19,6,11
2928,1976,Mar-2025,10,4,8
2929,1977,Jan-2025,11,1,5
2930,1977,Feb-2025,9,6,4
2931,1977,Mar-2025,22,3,1
2932,1978,Jan-2025,22,2,8
2933,1978,Feb-2025,6,5,6
2934,1978,Mar-2025,19,5,3
2935,1979,Jan-2025,9,5,5
2936,1979,Feb-2025,7,7,3
2937,1979,Mar-2025,24,7,2
2938,1980,Jan-2025,24,4,1
2939,1980,Feb-2025,20,1,8
2940,1980,Mar-2025,11,1,8
2941,1981,Jan-2025,16,7,3
2942,1981,Feb-2025,14,7,4
2943,1981,Mar-2025,9,1,7
2944,1982,Jan-2025,24,6,10
2945,1982,Feb-2025,18,3,7
2946,1982,Mar-2025,14,5,9
2947,1983,Jan-2025,8,2,3
2948,1983,Feb-2025,21,1,1
2949,1983,Mar-2025,6,5,8
2950,1984,Jan-2025,13,7,3
2951,1984,Feb-2025,11,6,2
2952,1984,Mar-2025,23,3,10
2953,1985,Jan-2025,14,5,5
2954,1985,Feb-2025,14,4,2
2955,1985,Mar-2025,8,4,8
2956,1986,Jan-2025,9,5,10
2957,1986,Feb-2025,7,5,8
2958,1986,Mar-2025,6,2,9
2959,1987,Jan-2025,17,7,10
2960,1987,Feb-2025,13,6,6
2961,1987,Mar-2025,19,5,1
2962,1988,Jan-2025,16,6,6
2963,1988,Feb-2025,23,3,3
2964,1988,Mar-2025,7,7,10
2965,1989,Jan-2025,22,2,10
2966,1989,Feb-2025,22,3,10
2967,1989,Mar-2025,7,7,9
2968,1990,Jan-2025,16,7,11
2969,1990,Feb-2025,24,7,9
2970,1990,Mar-2025,12,1,5
2971,1991,Jan-2025,23,5,8
2972,1991,Feb-2025,16,5,4
2973,1991,Mar-2025,12,7,6
2974,1992,Jan-2025,9,6,5
2975,1992,Feb-2025,17,2,2
2976,1992,Mar-2025,8,3,1
2977,1993,Jan-2025,22,5,9
2978,1993,Feb-2025,15,4,11
2979,1993,Mar-2025,20,7,10
2980,1994,Jan-2025,5,7,6
2981,1994,Feb-2025,16,7,2
2982,1994,Mar-2025,16,5,11
2983,1995,Jan-2025,24,1,10
2984,1995,Feb-2025,21,4,6
2985,1995,Mar-2025,23,3,9
2986,1996,Jan-2025,10,3,9
2987,1996,Feb-2025,20,4,6
2988,1996,Mar-2025,9,5,4
2989,1997,Jan-2025,6,4,6
2990,1997,Feb-2025,13,4,1
2991,1997,Mar-2025,18,7,6
2992,1998,Jan-2025,23,1,4
2993,1998,Feb-2025,19,2,3
2994,1998,Mar-2025,22,6,2
2995,1999,Jan-2025,14,3,11
2996,1999,Feb-2025,7,7,8
2997,1999,Mar-2025,23,2,8
2998,2000,Jan-2025,23,7,1
2999,2000,Feb-2025,16,4,9
3000,2000,Mar-2025,16,3,7
